"(8.89, 229.87)","(173.17, 236.52)","(332.97, 239.34)","(488.25, 237.48)","(645.17, 235.29)","(802.97, 234.96)","(961.39, 236.57)","(1118.52, 236.94)","(1275.15, 234.26)","(1431.58, 234.31)","(1591.83, 236.59)","(1748.45, 235.94)","(1904.27, 235.72)","(2064.68, 233.66)","(2221.70, 234.24)","(2379.45, 234.28)","(2536.67, 234.51)","(2696.30, 236.19)","(2854.70, 235.79)","(3012.25, 235.75)","(3168.65, 234.87)","(3323.11, 237.07)","(3480.03, 237.66)","(3634.51, 238.31)","(3796.10, 236.60)","(3959.76, 230.79)"
"(12.36, 390.10)","(175.52, 394.66)","(333.27, 396.07)","(488.36, 394.99)","(644.86, 391.04)","(802.08, 390.43)","(959.44, 392.71)","(1115.39, 391.44)","(1273.25, 391.01)","(1430.61, 390.43)","(1588.91, 391.96)","(1746.00, 391.42)","(1902.99, 391.52)","(2063.54, 390.85)","(2222.51, 390.37)","(2380.90, 391.72)","(2539.46, 391.12)","(2697.42, 391.19)","(2853.92, 391.35)","(3012.30, 391.01)","(3167.40, 392.10)","(3324.44, 394.89)","(3481.21, 395.41)","(3636.79, 396.63)","(3796.43, 394.03)","(3955.86, 391.30)"
"(13.70, 547.28)","(174.33, 550.71)","(332.17, 550.99)","(487.98, 551.39)","(645.25, 548.21)","(800.28, 546.68)","(959.62, 548.15)","(1115.71, 547.91)","(1273.72, 546.48)","(1430.41, 547.58)","(1589.65, 549.25)","(1745.01, 548.69)","(1903.73, 548.72)","(2063.61, 547.21)","(2222.19, 547.84)","(2380.77, 546.69)","(2539.15, 546.98)","(2696.47, 547.12)","(2852.75, 548.19)","(3011.81, 548.55)","(3167.33, 547.61)","(3324.66, 550.82)","(3483.10, 551.38)","(3637.11, 552.54)","(3795.49, 550.43)","(3954.42, 548.91)"
"(15.16, 705.50)","(175.63, 707.07)","(332.78, 706.97)","(487.09, 706.62)","(645.23, 704.95)","(801.47, 704.19)","(959.53, 705.69)","(1116.56, 705.81)","(1275.41, 703.84)","(1431.71, 703.33)","(1589.13, 705.24)","(1746.28, 706.49)","(1905.21, 704.75)","(2063.59, 703.39)","(2221.48, 702.88)","(2379.33, 703.43)","(2537.66, 703.53)","(2695.24, 704.06)","(2853.87, 704.47)","(3010.25, 703.83)","(3167.61, 703.74)","(3324.83, 703.81)","(3483.44, 705.82)","(3638.87, 707.08)","(3797.35, 706.11)","(3956.52, 705.19)"
"(14.36, 859.76)","(173.35, 862.38)","(331.55, 862.68)","(487.32, 862.59)","(644.77, 858.79)","(800.43, 859.60)","(959.80, 861.36)","(1117.00, 862.81)","(1276.21, 861.08)","(1432.45, 861.24)","(1590.15, 863.31)","(1746.80, 862.65)","(1904.72, 861.88)","(2062.94, 861.79)","(2222.38, 861.41)","(2380.17, 861.53)","(2537.93, 862.63)","(2693.95, 862.49)","(2851.74, 862.89)","(3010.32, 860.84)","(3169.71, 860.54)","(3325.80, 858.61)","(3483.16, 861.40)","(3639.44, 862.00)","(3797.51, 861.08)","(3956.45, 860.58)"
"(13.44, 1016.27)","(173.49, 1017.94)","(331.28, 1019.01)","(486.29, 1018.43)","(643.99, 1015.56)","(801.50, 1015.84)","(960.63, 1019.10)","(1116.87, 1019.09)","(1275.41, 1018.04)","(1432.46, 1018.24)","(1590.87, 1019.50)","(1746.90, 1017.74)","(1904.50, 1017.83)","(2064.86, 1017.70)","(2223.15, 1017.79)","(2381.29, 1017.65)","(2538.95, 1018.81)","(2695.54, 1017.90)","(2852.75, 1017.86)","(3011.32, 1016.65)","(3169.71, 1017.96)","(3327.31, 1017.38)","(3483.05, 1018.55)","(3640.24, 1018.28)","(3797.53, 1016.57)","(3957.15, 1016.29)"
"(13.12, 1172.32)","(171.83, 1173.56)","(331.92, 1174.93)","(486.55, 1175.65)","(645.73, 1173.26)","(802.18, 1173.44)","(961.36, 1175.53)","(1117.78, 1175.48)","(1276.57, 1174.42)","(1432.05, 1175.15)","(1589.88, 1175.22)","(1747.28, 1174.53)","(1904.80, 1174.10)","(2063.99, 1174.43)","(2223.37, 1174.48)","(2380.96, 1175.01)","(2538.53, 1175.78)","(2696.61, 1176.29)","(2854.68, 1175.47)","(3010.94, 1175.06)","(3169.01, 1175.23)","(3326.92, 1174.36)","(3482.56, 1174.86)","(3638.92, 1175.40)","(3797.43, 1175.22)","(3956.64, 1172.30)"
"(13.62, 1332.22)","(175.51, 1332.79)","(331.30, 1332.60)","(486.22, 1332.58)","(644.59, 1331.14)","(801.96, 1331.02)","(961.08, 1332.43)","(1117.10, 1332.05)","(1276.18, 1330.89)","(1430.83, 1330.37)","(1588.71, 1329.89)","(1747.42, 1329.82)","(1904.41, 1329.70)","(2064.12, 1330.12)","(2222.31, 1329.45)","(2380.81, 1330.04)","(2538.44, 1330.47)","(2697.06, 1331.18)","(2855.18, 1332.38)","(3011.10, 1331.33)","(3168.79, 1331.43)","(3325.34, 1329.47)","(3481.85, 1331.63)","(3639.41, 1331.63)","(3797.14, 1332.42)","(3957.54, 1331.45)"
"(11.83, 1488.62)","(172.45, 1487.62)","(330.94, 1488.46)","(486.34, 1489.43)","(644.13, 1487.37)","(801.13, 1487.54)","(961.01, 1488.39)","(1117.33, 1489.51)","(1276.30, 1487.38)","(1430.81, 1486.97)","(1589.18, 1486.36)","(1745.72, 1488.81)","(1904.10, 1489.60)","(2063.24, 1488.99)","(2221.99, 1489.37)","(2380.11, 1489.93)","(2538.33, 1489.17)","(2695.84, 1490.89)","(2853.88, 1489.41)","(3010.14, 1489.51)","(3166.97, 1488.59)","(3324.77, 1488.81)","(3482.40, 1488.48)","(3638.50, 1489.96)","(3796.02, 1488.97)","(3958.69, 1489.51)"
"(11.91, 1645.23)","(172.05, 1644.10)","(330.07, 1645.56)","(487.11, 1645.48)","(645.35, 1643.91)","(801.88, 1643.72)","(960.70, 1644.85)","(1116.61, 1645.22)","(1275.11, 1644.73)","(1430.20, 1644.29)","(1587.88, 1645.63)","(1745.90, 1645.82)","(1904.19, 1644.59)","(2063.01, 1644.99)","(2221.85, 1645.06)","(2379.21, 1644.78)","(2538.32, 1644.69)","(2695.39, 1645.34)","(2851.94, 1644.70)","(3009.63, 1644.22)","(3167.69, 1643.82)","(3324.31, 1643.69)","(3481.47, 1642.90)","(3638.66, 1643.21)","(3796.85, 1644.30)","(3958.25, 1645.27)"
"(11.86, 1804.00)","(171.47, 1800.43)","(329.47, 1801.20)","(487.31, 1801.03)","(646.02, 1800.55)","(801.83, 1802.50)","(960.69, 1801.57)","(1118.84, 1799.64)","(1274.82, 1800.73)","(1430.63, 1803.53)","(1587.19, 1802.89)","(1745.77, 1800.58)","(1904.38, 1800.64)","(2064.23, 1803.37)","(2222.58, 1802.88)","(2380.46, 1803.02)","(2537.93, 1803.43)","(2696.36, 1803.88)","(2852.89, 1802.96)","(3011.14, 1802.30)","(3168.58, 1802.32)","(3326.66, 1801.25)","(3482.77, 1801.95)","(3638.78, 1800.98)","(3797.96, 1802.52)","(3958.13, 1803.15)"
"(12.03, 1958.47)","(174.53, 1959.30)","(329.93, 1957.40)","(486.79, 1959.09)","(645.32, 1959.98)","(802.25, 1958.43)","(960.57, 1957.25)","(1117.92, 1957.86)","(1275.35, 1960.05)","(1431.55, 1959.90)","(1589.87, 1959.48)","(1746.40, 1958.37)","(1904.89, 1957.80)","(2063.97, 1958.34)","(2222.16, 1958.39)","(2380.58, 1959.67)","(2537.74, 1959.95)","(2695.95, 1958.88)","(2853.45, 1958.64)","(3011.22, 1959.33)","(3167.65, 1958.06)","(3327.67, 1959.26)","(3482.84, 1958.79)","(3638.35, 1957.88)","(3798.15, 1958.22)","(3957.36, 1958.77)"
"(12.63, 2115.18)","(175.03, 2114.07)","(329.79, 2113.12)","(485.77, 2113.91)","(646.41, 2116.07)","(803.30, 2115.54)","(960.65, 2114.44)","(1117.05, 2115.58)","(1274.97, 2117.34)","(1431.15, 2117.38)","(1591.19, 2115.75)","(1746.33, 2115.37)","(1903.13, 2114.92)","(2064.44, 2113.39)","(2221.09, 2113.21)","(2380.59, 2115.11)","(2537.83, 2115.63)","(2695.90, 2114.52)","(2853.49, 2114.56)","(3012.12, 2115.96)","(3167.66, 2116.23)","(3327.44, 2115.90)","(3482.03, 2116.35)","(3638.35, 2115.06)","(3798.17, 2115.80)","(3956.13, 2116.14)"
"(12.75, 2271.30)","(174.30, 2270.78)","(331.05, 2268.65)","(486.21, 2270.29)","(645.83, 2271.65)","(802.30, 2271.06)","(961.38, 2270.78)","(1116.51, 2270.72)","(1274.01, 2273.22)","(1430.71, 2273.26)","(1591.04, 2271.85)","(1747.40, 2270.88)","(1904.44, 2269.96)","(2064.07, 2269.75)","(2221.65, 2268.93)","(2380.34, 2270.56)","(2537.46, 2270.90)","(2696.37, 2270.63)","(2854.15, 2270.89)","(3012.18, 2272.40)","(3168.51, 2271.92)","(3325.10, 2272.09)","(3481.44, 2271.42)","(3638.20, 2270.80)","(3796.46, 2271.04)","(3956.16, 2270.45)"
"(13.28, 2428.49)","(174.54, 2427.93)","(331.38, 2425.45)","(487.93, 2425.96)","(645.82, 2427.29)","(802.19, 2427.68)","(960.57, 2426.59)","(1117.07, 2425.41)","(1274.75, 2428.27)","(1431.22, 2428.51)","(1590.21, 2427.94)","(1747.92, 2426.62)","(1905.25, 2425.76)","(2065.45, 2426.71)","(2222.60, 2426.26)","(2382.10, 2426.96)","(2538.04, 2427.85)","(2696.30, 2426.34)","(2854.97, 2428.90)","(3012.07, 2427.81)","(3168.58, 2427.99)","(3324.75, 2426.96)","(3481.93, 2426.77)","(3637.89, 2427.60)","(3796.69, 2425.55)","(3955.74, 2426.26)"
"(13.77, 2584.36)","(175.14, 2584.72)","(332.94, 2581.41)","(488.00, 2582.70)","(644.12, 2584.64)","(801.76, 2584.10)","(961.30, 2582.14)","(1116.48, 2582.53)","(1275.00, 2584.20)","(1431.20, 2584.31)","(1591.19, 2584.01)","(1748.27, 2584.06)","(1905.48, 2584.91)","(2065.74, 2584.40)","(2222.12, 2583.70)","(2381.37, 2584.40)","(2538.04, 2583.49)","(2696.67, 2583.88)","(2854.12, 2584.43)","(3011.87, 2583.62)","(3168.70, 2583.03)","(3325.65, 2582.79)","(3480.92, 2581.70)","(3638.88, 2582.23)","(3794.41, 2581.65)","(3954.56, 2583.82)"
"(14.88, 2741.84)","(176.19, 2740.56)","(332.85, 2739.13)","(487.46, 2739.13)","(644.46, 2741.19)","(801.65, 2742.43)","(961.50, 2740.62)","(1116.86, 2740.30)","(1276.20, 2740.92)","(1432.27, 2741.22)","(1592.10, 2741.06)","(1747.26, 2741.63)","(1904.57, 2741.73)","(2064.54, 2741.53)","(2221.47, 2741.42)","(2381.94, 2742.20)","(2539.00, 2742.04)","(2697.40, 2741.93)","(2854.34, 2742.08)","(3010.55, 2741.90)","(3167.53, 2741.17)","(3324.03, 2740.61)","(3480.55, 2739.54)","(3637.07, 2738.65)","(3792.55, 2740.17)","(3954.81, 2743.55)"
"(14.85, 2898.45)","(176.68, 2896.98)","(331.37, 2894.91)","(486.50, 2896.45)","(645.12, 2898.45)","(801.53, 2898.99)","(960.73, 2897.74)","(1117.08, 2897.16)","(1275.82, 2898.63)","(1432.10, 2899.55)","(1590.87, 2898.60)","(1747.45, 2898.54)","(1903.36, 2899.84)","(2063.44, 2899.55)","(2222.17, 2900.68)","(2380.93, 2901.81)","(2539.32, 2901.43)","(2695.59, 2900.49)","(2853.31, 2898.91)","(3010.36, 2897.42)","(3167.54, 2897.81)","(3322.68, 2896.43)","(3479.38, 2896.11)","(3635.19, 2895.54)","(3795.24, 2897.79)","(3958.17, 2903.53)"
"(9.57, 3059.11)","(175.75, 3054.51)","(332.21, 3050.84)","(487.34, 3052.87)","(644.80, 3054.51)","(801.27, 3055.05)","(960.63, 3053.21)","(1115.77, 3054.12)","(1274.74, 3056.49)","(1432.25, 3056.94)","(1591.28, 3057.89)","(1748.22, 3055.24)","(1903.38, 3053.85)","(2064.21, 3052.24)","(2221.70, 3052.40)","(2379.04, 3052.03)","(2538.01, 3052.52)","(2695.64, 3053.17)","(2853.80, 3053.53)","(3010.74, 3053.76)","(3167.54, 3054.22)","(3323.89, 3053.75)","(3481.17, 3055.20)","(3639.69, 3055.13)","(3800.47, 3057.85)","(3967.53, 3058.86)"
