logical_id,anatomy,candidate_id,semantic_contract,slope,status,reason,output_dtype,output_shape,raw_file_id,raw_sha256,gain_file_id,gain_sha256,calibration_fingerprint,freeze_hash,input_stage_sha256,geometry_reconciliation,valid_overlap_fraction,alignment_sanity_pearson_16px,edge_recall,gradient_energy_retention,informative_tile_count,lost_informative_tile_fraction,low_percentile_tile_retention,informative_extreme_fraction,output_min,output_max,output_mean,output_median,output_p01,output_p50,output_p99,output_zero_pixel_fraction,output_uint16_65535_saturation_fraction,output_dynamic_range_span,output_nonzero_pixel_count,output_ndarray_sha256,execution_kind,execution_input_stage_sha256,execution_pipeline_seconds,execution_replay_seconds,execution_transport_seconds,execution_reference_process_seconds,execution_reference_peak_rss_kb,execution_reference_wall_time,execution_input_ndarray_sha256,execution_output_ndarray_sha256
I-1-1,Kepala,C0,CLAHE disabled,,COMPARABLE,,uint16,"[3053, 4059]",1AUS04DQYHorVUBc1JVvyay7loDC3tDGG,b394c8a5916a753a7468d31c141982fce572bc30afa68e07819c2476a8c87c57,1i9nT2bQ3VG3_TfAGHNpQDVi50JAC2Cyq,4b71867e85be890eefe74be2319c110091d5a7ba6af5857b889345421582f82a,4832df384f0539643af026fbfc5f29cd2d44e380143e1e67b4118b42bdf1555b,94e3818b7fe9750582c039d8d86fee71d7fefc31a9bee8f9ef63776fa9f2083a,255768ae5f8d46f1da708cf0585e01b330d672228eecb6e43e521bac94c8ce3e,"candidate crop rows [26:3026]; integer pad columns left=18, right=19; no resize/interpolation/warp",0.990966796875,0.9759587037241853,0.22448277686650087,0.13883486026132147,593,0.8414839797639123,0.0,0.13628480187341765,0,65045,8819.051556121076,0.0,0.0,0.0,62051.0,0.7556396896190621,0.0,65045,3028144,f6a9a94fedb244ea3d4201afbbc7faf966f1db48b8ac5ea9fcc4ca5fd617757f,disabled,255768ae5f8d46f1da708cf0585e01b330d672228eecb6e43e521bac94c8ce3e,18.99403155298205,,,,,,,
I-1-1,Kepala,M06,MPIPS precise,0.6,COMPARABLE,,uint16,"[3053, 4059]",1AUS04DQYHorVUBc1JVvyay7loDC3tDGG,b394c8a5916a753a7468d31c141982fce572bc30afa68e07819c2476a8c87c57,1i9nT2bQ3VG3_TfAGHNpQDVi50JAC2Cyq,4b71867e85be890eefe74be2319c110091d5a7ba6af5857b889345421582f82a,4832df384f0539643af026fbfc5f29cd2d44e380143e1e67b4118b42bdf1555b,94e3818b7fe9750582c039d8d86fee71d7fefc31a9bee8f9ef63776fa9f2083a,255768ae5f8d46f1da708cf0585e01b330d672228eecb6e43e521bac94c8ce3e,"candidate crop rows [26:3026]; integer pad columns left=18, right=19; no resize/interpolation/warp",0.990966796875,0.9761220475657414,0.22889585574780558,0.17970911160375302,593,0.7993254637436762,0.0,0.1365804312117378,0,65021,8858.522628923993,0.0,0.0,0.0,61054.0,0.7556396896190621,0.0,65021,3028144,6030e4d3aec2184ac48ddc6efc099c153881468c84fbcfdeebe3d729c90383af,mpips,255768ae5f8d46f1da708cf0585e01b330d672228eecb6e43e521bac94c8ce3e,,36.50220360199455,,,,,,
I-1-1,Kepala,M103,MPIPS precise,1.03,COMPARABLE,,uint16,"[3053, 4059]",1AUS04DQYHorVUBc1JVvyay7loDC3tDGG,b394c8a5916a753a7468d31c141982fce572bc30afa68e07819c2476a8c87c57,1i9nT2bQ3VG3_TfAGHNpQDVi50JAC2Cyq,4b71867e85be890eefe74be2319c110091d5a7ba6af5857b889345421582f82a,4832df384f0539643af026fbfc5f29cd2d44e380143e1e67b4118b42bdf1555b,94e3818b7fe9750582c039d8d86fee71d7fefc31a9bee8f9ef63776fa9f2083a,255768ae5f8d46f1da708cf0585e01b330d672228eecb6e43e521bac94c8ce3e,"candidate crop rows [26:3026]; integer pad columns left=18, right=19; no resize/interpolation/warp",0.990966796875,0.9743140804539404,0.22847255292755056,0.20831900425998837,593,0.7622259696458684,0.0,0.13590839949184064,0,65021,8889.66065881991,0.0,0.0,0.0,60530.0,0.7556396896190621,0.0,65021,3028144,82704a934a3ef64c4ac7db52e94e692c48242c81686a2a6b5c881863b565f6da,mpips,255768ae5f8d46f1da708cf0585e01b330d672228eecb6e43e521bac94c8ce3e,,34.38937950498075,,,,,,
I-1-1,Kepala,M15,MPIPS precise,1.5,COMPARABLE,,uint16,"[3053, 4059]",1AUS04DQYHorVUBc1JVvyay7loDC3tDGG,b394c8a5916a753a7468d31c141982fce572bc30afa68e07819c2476a8c87c57,1i9nT2bQ3VG3_TfAGHNpQDVi50JAC2Cyq,4b71867e85be890eefe74be2319c110091d5a7ba6af5857b889345421582f82a,4832df384f0539643af026fbfc5f29cd2d44e380143e1e67b4118b42bdf1555b,94e3818b7fe9750582c039d8d86fee71d7fefc31a9bee8f9ef63776fa9f2083a,255768ae5f8d46f1da708cf0585e01b330d672228eecb6e43e521bac94c8ce3e,"candidate crop rows [26:3026]; integer pad columns left=18, right=19; no resize/interpolation/warp",0.990966796875,0.9711599867286729,0.22805953871751003,0.23903551519891722,593,0.7200674536256324,0.0,0.13592746193004926,0,65021,8888.868419682916,0.0,0.0,0.0,60001.0,0.7556396896190621,0.0,65021,3028144,4bdf682d93129b6f4dd6ac73f01fc49ff956e6003650c54bfb46b8a4f3c49c56,mpips,255768ae5f8d46f1da708cf0585e01b330d672228eecb6e43e521bac94c8ce3e,,35.644025499001145,,,,,,
I-1-1,Kepala,M20,MPIPS precise,2.0,COMPARABLE,,uint16,"[3053, 4059]",1AUS04DQYHorVUBc1JVvyay7loDC3tDGG,b394c8a5916a753a7468d31c141982fce572bc30afa68e07819c2476a8c87c57,1i9nT2bQ3VG3_TfAGHNpQDVi50JAC2Cyq,4b71867e85be890eefe74be2319c110091d5a7ba6af5857b889345421582f82a,4832df384f0539643af026fbfc5f29cd2d44e380143e1e67b4118b42bdf1555b,94e3818b7fe9750582c039d8d86fee71d7fefc31a9bee8f9ef63776fa9f2083a,255768ae5f8d46f1da708cf0585e01b330d672228eecb6e43e521bac94c8ce3e,"candidate crop rows [26:3026]; integer pad columns left=18, right=19; no resize/interpolation/warp",0.990966796875,0.9673337149864479,0.2283902440458343,0.2703968771394132,593,0.6930860033726813,0.0,0.13628221713603345,0,65088,8859.382937892744,0.0,0.0,0.0,59502.0,0.7556396896190621,0.0,65088,3028144,b80af14b05aa6d0c504b3f7fbdf9f088abbc99de9b4d1621bd5df05e9fc3afa3,mpips,255768ae5f8d46f1da708cf0585e01b330d672228eecb6e43e521bac94c8ce3e,,35.63518645701697,,,,,,
I-1-1,Kepala,M30,MPIPS precise,3.0,COMPARABLE,,uint16,"[3053, 4059]",1AUS04DQYHorVUBc1JVvyay7loDC3tDGG,b394c8a5916a753a7468d31c141982fce572bc30afa68e07819c2476a8c87c57,1i9nT2bQ3VG3_TfAGHNpQDVi50JAC2Cyq,4b71867e85be890eefe74be2319c110091d5a7ba6af5857b889345421582f82a,4832df384f0539643af026fbfc5f29cd2d44e380143e1e67b4118b42bdf1555b,94e3818b7fe9750582c039d8d86fee71d7fefc31a9bee8f9ef63776fa9f2083a,255768ae5f8d46f1da708cf0585e01b330d672228eecb6e43e521bac94c8ce3e,"candidate crop rows [26:3026]; integer pad columns left=18, right=19; no resize/interpolation/warp",0.990966796875,0.9593117087742926,0.22831111973394633,0.32696680562861813,593,0.6458684654300169,0.0,0.1368107959311064,0,65088,8764.716011464376,0.0,0.0,0.0,58581.0,0.7556396896190621,0.0,65088,3028144,83e86bf6e46d38226ce02d799008a6b1b8655525c5302d5030973d2bfcfadc0f,mpips,255768ae5f8d46f1da708cf0585e01b330d672228eecb6e43e521bac94c8ce3e,,32.455013599974336,,,,,,
I-1-1,Kepala,F103,pinned Fiji Flat,1.03,COMPARABLE,,uint16,"[3053, 4059]",1AUS04DQYHorVUBc1JVvyay7loDC3tDGG,b394c8a5916a753a7468d31c141982fce572bc30afa68e07819c2476a8c87c57,1i9nT2bQ3VG3_TfAGHNpQDVi50JAC2Cyq,4b71867e85be890eefe74be2319c110091d5a7ba6af5857b889345421582f82a,4832df384f0539643af026fbfc5f29cd2d44e380143e1e67b4118b42bdf1555b,94e3818b7fe9750582c039d8d86fee71d7fefc31a9bee8f9ef63776fa9f2083a,255768ae5f8d46f1da708cf0585e01b330d672228eecb6e43e521bac94c8ce3e,"candidate crop rows [26:3026]; integer pad columns left=18, right=19; no resize/interpolation/warp",0.990966796875,0.9764046307091493,0.22516525467739817,0.14263735290843443,593,0.8381112984822934,0.0,0.13628480187341765,0,65045,8837.437390126812,0.0,0.0,0.0,62051.0,0.7556396896190621,0.0,65045,3028144,be75699b05c54ce3574df2e1868c23e9ab11ba610a71bd435c811b6e7a8d33ee,fiji,255768ae5f8d46f1da708cf0585e01b330d672228eecb6e43e521bac94c8ce3e,,52.26376810800866,5.530562072992325,35.57296287402278,516716,mm:ss or m:ss): 0:34.69,255768ae5f8d46f1da708cf0585e01b330d672228eecb6e43e521bac94c8ce3e,0bdfa1f589c1c33dd842cefbfb62917dc4f9022b653b5a0be0f68e8b6a167253
I-1-1,Kepala,F15,pinned Fiji Flat,1.5,COMPARABLE,,uint16,"[3053, 4059]",1AUS04DQYHorVUBc1JVvyay7loDC3tDGG,b394c8a5916a753a7468d31c141982fce572bc30afa68e07819c2476a8c87c57,1i9nT2bQ3VG3_TfAGHNpQDVi50JAC2Cyq,4b71867e85be890eefe74be2319c110091d5a7ba6af5857b889345421582f82a,4832df384f0539643af026fbfc5f29cd2d44e380143e1e67b4118b42bdf1555b,94e3818b7fe9750582c039d8d86fee71d7fefc31a9bee8f9ef63776fa9f2083a,255768ae5f8d46f1da708cf0585e01b330d672228eecb6e43e521bac94c8ce3e,"candidate crop rows [26:3026]; integer pad columns left=18, right=19; no resize/interpolation/warp",0.990966796875,0.9757178553004328,0.2270429260415503,0.19723057736234578,593,0.7740303541315345,0.0,0.1344951943270184,0,65045,8958.930248293937,0.0,0.0,0.0,61085.0,0.7556396896190621,0.0,65045,3028144,8b5af9c5e311fde4a4f08e0a978c852b8fdca7f0d7cd91126294b080e77f78f4,fiji,255768ae5f8d46f1da708cf0585e01b330d672228eecb6e43e521bac94c8ce3e,,46.64040199099691,2.853801838005893,33.44404131299234,509800,mm:ss or m:ss): 0:32.65,255768ae5f8d46f1da708cf0585e01b330d672228eecb6e43e521bac94c8ce3e,89d6d5c18db36e18d0af88b6631736019b5f4c1a1ba4132832c07488ccd5fa73
I-1-1,Kepala,F20,pinned Fiji Flat,2.0,COMPARABLE,,uint16,"[3053, 4059]",1AUS04DQYHorVUBc1JVvyay7loDC3tDGG,b394c8a5916a753a7468d31c141982fce572bc30afa68e07819c2476a8c87c57,1i9nT2bQ3VG3_TfAGHNpQDVi50JAC2Cyq,4b71867e85be890eefe74be2319c110091d5a7ba6af5857b889345421582f82a,4832df384f0539643af026fbfc5f29cd2d44e380143e1e67b4118b42bdf1555b,94e3818b7fe9750582c039d8d86fee71d7fefc31a9bee8f9ef63776fa9f2083a,255768ae5f8d46f1da708cf0585e01b330d672228eecb6e43e521bac94c8ce3e,"candidate crop rows [26:3026]; integer pad columns left=18, right=19; no resize/interpolation/warp",0.990966796875,0.9706262199831401,0.22668698912150947,0.25223412559226194,593,0.7065767284991569,0.0,0.134561105130316,0,65045,8965.320060147866,0.0,0.0,0.0,60224.0,0.7556396896190621,0.0,65045,3028144,b800c536049177c2e632d2bb6d64b96c78cbfd695aa77f31df9c6d9a67a30b12,fiji,255768ae5f8d46f1da708cf0585e01b330d672228eecb6e43e521bac94c8ce3e,,47.296831042011036,3.455653712997446,33.946482858998934,602244,mm:ss or m:ss): 0:33.10,255768ae5f8d46f1da708cf0585e01b330d672228eecb6e43e521bac94c8ce3e,37beb8636f73175130af1e445f06dae17bd4ad41d218f670ac998f2f6b21fbc5
I-1-1,Kepala,F30,pinned Fiji Flat,3.0,COMPARABLE,,uint16,"[3053, 4059]",1AUS04DQYHorVUBc1JVvyay7loDC3tDGG,b394c8a5916a753a7468d31c141982fce572bc30afa68e07819c2476a8c87c57,1i9nT2bQ3VG3_TfAGHNpQDVi50JAC2Cyq,4b71867e85be890eefe74be2319c110091d5a7ba6af5857b889345421582f82a,4832df384f0539643af026fbfc5f29cd2d44e380143e1e67b4118b42bdf1555b,94e3818b7fe9750582c039d8d86fee71d7fefc31a9bee8f9ef63776fa9f2083a,255768ae5f8d46f1da708cf0585e01b330d672228eecb6e43e521bac94c8ce3e,"candidate crop rows [26:3026]; integer pad columns left=18, right=19; no resize/interpolation/warp",0.990966796875,0.9588400016082941,0.22721195320936047,0.3475715902419183,593,0.6222596964586846,0.0,0.13551971960768855,0,65045,8877.711347696808,0.0,0.0,0.0,58781.0,0.7556396896190621,0.0,65045,3028144,d9e74998d39903492bbf61efcb07d4a4535ae6a3175159788818817d8670f94d,fiji,255768ae5f8d46f1da708cf0585e01b330d672228eecb6e43e521bac94c8ce3e,,45.111163195979316,3.564082838012837,31.37057855000603,508984,mm:ss or m:ss): 0:30.69,255768ae5f8d46f1da708cf0585e01b330d672228eecb6e43e521bac94c8ce3e,1cf4cbb2e40132e5607bb5fbc529da10ed39f6d9bbe59b9031f673ece6de81c2
I-1-1,Tulang Belakang,C0,CLAHE disabled,,COMPARABLE,,uint16,"[3053, 4059]",175v1A7y3ixN-9so3O_oTKRLSmvo1HdeY,447fa8eff4db535197a02f186e0a7e8ac568ddc7597a03300a7a7882bce4f2ab,1i9nT2bQ3VG3_TfAGHNpQDVi50JAC2Cyq,4b71867e85be890eefe74be2319c110091d5a7ba6af5857b889345421582f82a,4832df384f0539643af026fbfc5f29cd2d44e380143e1e67b4118b42bdf1555b,a37b8465eefb78c8167cc7eb4e20b3fd2401b1709be15eacab70d3d52357d625,6be20d1383d59147388bda3af285b938f7f9661bbe805cdffe981c120ca6124d,"candidate crop rows [26:3026]; integer pad columns left=18, right=19; no resize/interpolation/warp",0.990966796875,0.9827554870356487,0.5790206644387236,0.21454828410341845,587,0.9625212947189097,0.0,0.0241646727957318,0,65283,29472.929894520934,35976.0,0.0,35976.0,63647.0,0.3113977124346773,0.0,65283,8533247,aa5a1f078015ff408f7c9bb23e8eb0567e2df3d1f41f62faf98902388777c2c6,disabled,6be20d1383d59147388bda3af285b938f7f9661bbe805cdffe981c120ca6124d,17.62377142198966,,,,,,,
I-1-1,Tulang Belakang,M06,MPIPS precise,0.6,COMPARABLE,,uint16,"[3053, 4059]",175v1A7y3ixN-9so3O_oTKRLSmvo1HdeY,447fa8eff4db535197a02f186e0a7e8ac568ddc7597a03300a7a7882bce4f2ab,1i9nT2bQ3VG3_TfAGHNpQDVi50JAC2Cyq,4b71867e85be890eefe74be2319c110091d5a7ba6af5857b889345421582f82a,4832df384f0539643af026fbfc5f29cd2d44e380143e1e67b4118b42bdf1555b,a37b8465eefb78c8167cc7eb4e20b3fd2401b1709be15eacab70d3d52357d625,6be20d1383d59147388bda3af285b938f7f9661bbe805cdffe981c120ca6124d,"candidate crop rows [26:3026]; integer pad columns left=18, right=19; no resize/interpolation/warp",0.990966796875,0.9839202048770019,0.5929547962071667,0.31099662591677635,587,0.8654173764906303,0.0,0.024492434143753048,0,65148,29121.109497828744,35615.0,0.0,35615.0,62680.0,0.3116975802459094,0.0,65148,8529531,59367e0e1751d550b11a93d646539060fa345890c73dd296daa813a8f8241d4b,mpips,6be20d1383d59147388bda3af285b938f7f9661bbe805cdffe981c120ca6124d,,35.69106580800144,,,,,,
I-1-1,Tulang Belakang,M103,MPIPS precise,1.03,COMPARABLE,,uint16,"[3053, 4059]",175v1A7y3ixN-9so3O_oTKRLSmvo1HdeY,447fa8eff4db535197a02f186e0a7e8ac568ddc7597a03300a7a7882bce4f2ab,1i9nT2bQ3VG3_TfAGHNpQDVi50JAC2Cyq,4b71867e85be890eefe74be2319c110091d5a7ba6af5857b889345421582f82a,4832df384f0539643af026fbfc5f29cd2d44e380143e1e67b4118b42bdf1555b,a37b8465eefb78c8167cc7eb4e20b3fd2401b1709be15eacab70d3d52357d625,6be20d1383d59147388bda3af285b938f7f9661bbe805cdffe981c120ca6124d,"candidate crop rows [26:3026]; integer pad columns left=18, right=19; no resize/interpolation/warp",0.990966796875,0.9835122078775809,0.5940060868684608,0.37832037266897833,587,0.7325383304940375,0.0,0.02416454560855756,0,65107,29026.36603724284,35459.0,0.0,35459.0,62285.0,0.3116975802459094,0.0,65107,8529531,d78a32f2d6c908379ad8df0edcfb7f43302fffe7abb7cb7ba36246a3d263f3f9,mpips,6be20d1383d59147388bda3af285b938f7f9661bbe805cdffe981c120ca6124d,,36.90910747498856,,,,,,
I-1-1,Tulang Belakang,M15,MPIPS precise,1.5,COMPARABLE,,uint16,"[3053, 4059]",175v1A7y3ixN-9so3O_oTKRLSmvo1HdeY,447fa8eff4db535197a02f186e0a7e8ac568ddc7597a03300a7a7882bce4f2ab,1i9nT2bQ3VG3_TfAGHNpQDVi50JAC2Cyq,4b71867e85be890eefe74be2319c110091d5a7ba6af5857b889345421582f82a,4832df384f0539643af026fbfc5f29cd2d44e380143e1e67b4118b42bdf1555b,a37b8465eefb78c8167cc7eb4e20b3fd2401b1709be15eacab70d3d52357d625,6be20d1383d59147388bda3af285b938f7f9661bbe805cdffe981c120ca6124d,"candidate crop rows [26:3026]; integer pad columns left=18, right=19; no resize/interpolation/warp",0.990966796875,0.9819110484714466,0.5917679101573952,0.45295960559708004,587,0.5587734241908007,0.0,0.02418044400533779,0,65018,28914.832895676424,35155.0,0.0,35155.0,61928.0,0.3116975802459094,0.0,65018,8529531,dde7bc01bff28bb19d4643550728ddf07358316c29cf4e85b5d25d4a0acdb037,mpips,6be20d1383d59147388bda3af285b938f7f9661bbe805cdffe981c120ca6124d,,34.44480098999338,,,,,,
I-1-1,Tulang Belakang,M20,MPIPS precise,2.0,COMPARABLE,,uint16,"[3053, 4059]",175v1A7y3ixN-9so3O_oTKRLSmvo1HdeY,447fa8eff4db535197a02f186e0a7e8ac568ddc7597a03300a7a7882bce4f2ab,1i9nT2bQ3VG3_TfAGHNpQDVi50JAC2Cyq,4b71867e85be890eefe74be2319c110091d5a7ba6af5857b889345421582f82a,4832df384f0539643af026fbfc5f29cd2d44e380143e1e67b4118b42bdf1555b,a37b8465eefb78c8167cc7eb4e20b3fd2401b1709be15eacab70d3d52357d625,6be20d1383d59147388bda3af285b938f7f9661bbe805cdffe981c120ca6124d,"candidate crop rows [26:3026]; integer pad columns left=18, right=19; no resize/interpolation/warp",0.990966796875,0.9791373139332707,0.5935713714642064,0.5317887352732628,587,0.4599659284497445,0.0,0.024243910405284473,0,65018,28784.395943973137,34796.0,0.0,34796.0,61623.0,0.3116975802459094,0.0,65018,8529531,0eb8fd6a2b5f0c4e79d75351605eb4be18868e062d911e2fe3be0d5317c651d9,mpips,6be20d1383d59147388bda3af285b938f7f9661bbe805cdffe981c120ca6124d,,37.54755638600909,,,,,,
I-1-1,Tulang Belakang,M30,MPIPS precise,3.0,COMPARABLE,,uint16,"[3053, 4059]",175v1A7y3ixN-9so3O_oTKRLSmvo1HdeY,447fa8eff4db535197a02f186e0a7e8ac568ddc7597a03300a7a7882bce4f2ab,1i9nT2bQ3VG3_TfAGHNpQDVi50JAC2Cyq,4b71867e85be890eefe74be2319c110091d5a7ba6af5857b889345421582f82a,4832df384f0539643af026fbfc5f29cd2d44e380143e1e67b4118b42bdf1555b,a37b8465eefb78c8167cc7eb4e20b3fd2401b1709be15eacab70d3d52357d625,6be20d1383d59147388bda3af285b938f7f9661bbe805cdffe981c120ca6124d,"candidate crop rows [26:3026]; integer pad columns left=18, right=19; no resize/interpolation/warp",0.990966796875,0.9718786635136014,0.5934600809095124,0.6833162000807893,587,0.3185689948892675,0.04122384184942561,0.024439778653616923,0,64888,28492.273287467116,34315.0,0.0,34315.0,61108.0,0.3116975802459094,0.0,64888,8529531,210be58f4f89cb6cc13c2b38ab69b83cbf0b0be93e84ee0fbcd8c98dd17e7a04,mpips,6be20d1383d59147388bda3af285b938f7f9661bbe805cdffe981c120ca6124d,,34.25260874599917,,,,,,
I-1-1,Tulang Belakang,F103,pinned Fiji Flat,1.03,COMPARABLE,,uint16,"[3053, 4059]",175v1A7y3ixN-9so3O_oTKRLSmvo1HdeY,447fa8eff4db535197a02f186e0a7e8ac568ddc7597a03300a7a7882bce4f2ab,1i9nT2bQ3VG3_TfAGHNpQDVi50JAC2Cyq,4b71867e85be890eefe74be2319c110091d5a7ba6af5857b889345421582f82a,4832df384f0539643af026fbfc5f29cd2d44e380143e1e67b4118b42bdf1555b,a37b8465eefb78c8167cc7eb4e20b3fd2401b1709be15eacab70d3d52357d625,6be20d1383d59147388bda3af285b938f7f9661bbe805cdffe981c120ca6124d,"candidate crop rows [26:3026]; integer pad columns left=18, right=19; no resize/interpolation/warp",0.990966796875,0.9831615604648026,0.5792266159249961,0.22390796246389577,587,0.9557069846678024,0.0,0.0241646727957318,0,65283,29412.865472489106,35852.0,0.0,35852.0,63647.0,0.3113977124346773,0.0,65283,8533247,42192af7be727e13427f3cc8698c63ac1d4b51dbde553f741e942dc554208a43,fiji,6be20d1383d59147388bda3af285b938f7f9661bbe805cdffe981c120ca6124d,,49.318371272005606,3.491732337977737,34.657210366014624,510988,mm:ss or m:ss): 0:33.21,6be20d1383d59147388bda3af285b938f7f9661bbe805cdffe981c120ca6124d,57e5df0fd903d265c5b0a4b5a23a253ddc3305fddb5252efb13e8007431248bf
I-1-1,Tulang Belakang,F15,pinned Fiji Flat,1.5,COMPARABLE,,uint16,"[3053, 4059]",175v1A7y3ixN-9so3O_oTKRLSmvo1HdeY,447fa8eff4db535197a02f186e0a7e8ac568ddc7597a03300a7a7882bce4f2ab,1i9nT2bQ3VG3_TfAGHNpQDVi50JAC2Cyq,4b71867e85be890eefe74be2319c110091d5a7ba6af5857b889345421582f82a,4832df384f0539643af026fbfc5f29cd2d44e380143e1e67b4118b42bdf1555b,a37b8465eefb78c8167cc7eb4e20b3fd2401b1709be15eacab70d3d52357d625,6be20d1383d59147388bda3af285b938f7f9661bbe805cdffe981c120ca6124d,"candidate crop rows [26:3026]; integer pad columns left=18, right=19; no resize/interpolation/warp",0.990966796875,0.9849400423408652,0.585610045997964,0.3154712546477827,587,0.807495741056218,0.0,0.023479388300916715,0,65283,29319.453892378606,35685.0,0.0,35685.0,62933.0,0.3113977124346773,0.0,65283,8533247,d4a21d3a2b3b220f48a4889cc51b6e8fef150cd7e5fe987d5cd331621cbbfa74,fiji,6be20d1383d59147388bda3af285b938f7f9661bbe805cdffe981c120ca6124d,,48.280375079018995,3.4292924639885314,34.04678455000976,512028,mm:ss or m:ss): 0:32.88,6be20d1383d59147388bda3af285b938f7f9661bbe805cdffe981c120ca6124d,dab258a93c9c6e39a458823528edac41e17a1628b5bb5f1ba93f6935c7cb75c9
I-1-1,Tulang Belakang,F20,pinned Fiji Flat,2.0,COMPARABLE,,uint16,"[3053, 4059]",175v1A7y3ixN-9so3O_oTKRLSmvo1HdeY,447fa8eff4db535197a02f186e0a7e8ac568ddc7597a03300a7a7882bce4f2ab,1i9nT2bQ3VG3_TfAGHNpQDVi50JAC2Cyq,4b71867e85be890eefe74be2319c110091d5a7ba6af5857b889345421582f82a,4832df384f0539643af026fbfc5f29cd2d44e380143e1e67b4118b42bdf1555b,a37b8465eefb78c8167cc7eb4e20b3fd2401b1709be15eacab70d3d52357d625,6be20d1383d59147388bda3af285b938f7f9661bbe805cdffe981c120ca6124d,"candidate crop rows [26:3026]; integer pad columns left=18, right=19; no resize/interpolation/warp",0.990966796875,0.9829040819932761,0.5853156163887068,0.4161252781286317,587,0.5570698466780238,0.0,0.023425715313386653,0,65283,29176.355531782396,35205.0,0.0,35205.0,62491.0,0.3113977124346773,0.0,65283,8533247,5dffe5ef1fe7f391fa8f70016129710325fa16be25cc2654b9f578f8b7c59106,fiji,6be20d1383d59147388bda3af285b938f7f9661bbe805cdffe981c120ca6124d,,47.19352089200402,3.5234158450039104,33.623200710018864,508900,mm:ss or m:ss): 0:32.39,6be20d1383d59147388bda3af285b938f7f9661bbe805cdffe981c120ca6124d,cc499a3a3bfb325e2c9c551b6c0577a93bf5cc18053732aa2ee8497f43182a49
I-1-1,Tulang Belakang,F30,pinned Fiji Flat,3.0,COMPARABLE,,uint16,"[3053, 4059]",175v1A7y3ixN-9so3O_oTKRLSmvo1HdeY,447fa8eff4db535197a02f186e0a7e8ac568ddc7597a03300a7a7882bce4f2ab,1i9nT2bQ3VG3_TfAGHNpQDVi50JAC2Cyq,4b71867e85be890eefe74be2319c110091d5a7ba6af5857b889345421582f82a,4832df384f0539643af026fbfc5f29cd2d44e380143e1e67b4118b42bdf1555b,a37b8465eefb78c8167cc7eb4e20b3fd2401b1709be15eacab70d3d52357d625,6be20d1383d59147388bda3af285b938f7f9661bbe805cdffe981c120ca6124d,"candidate crop rows [26:3026]; integer pad columns left=18, right=19; no resize/interpolation/warp",0.990966796875,0.9747451953644053,0.5880000213200296,0.6123563313797268,587,0.31686541737649065,0.0,0.0233875591611141,0,65283,28852.878142469006,34423.0,0.0,34423.0,61756.0,0.3113977124346773,0.0,65283,8533247,d958c970a762ac9f622ecb44c2e9119dd534ee0f4c82176248243e5bbdb3cf77,fiji,6be20d1383d59147388bda3af285b938f7f9661bbe805cdffe981c120ca6124d,,45.24237372301286,3.4097642959968653,32.29418339501717,506236,mm:ss or m:ss): 0:31.14,6be20d1383d59147388bda3af285b938f7f9661bbe805cdffe981c120ca6124d,441e2a601879fc6d41ea867422f6bc4e1497646c4f546f2be912ebbebbeee117
I-1-2,Kepala,C0,CLAHE disabled,,COMPARABLE,,uint16,"[3053, 4059]",1sLur8whVT8Vb4OJeVIduSJFBQ3wKCOVX,1a1436b6aab20a2161e862617afe7f951e4483a35b869bb7df2539d16cdc64f0,1Y3-dD4k2a_SRvfCC7Ezyj-v9ImColQjK,2467d0e0efd81f7441053fc8bfdc7d246db457cd31d9d56be44b4239c22719c0,4832df384f0539643af026fbfc5f29cd2d44e380143e1e67b4118b42bdf1555b,8a149f929fc63b698023ddc10d295d684b6ebdba8c0bd23dcae7781f3335ad4d,f5c7e616aea6477ad1d887268e5c604a0c2e82546872f52ed90b5b3e70fced50,"candidate crop rows [26:3026]; integer pad columns left=18, right=19; no resize/interpolation/warp",0.990966796875,0.9738619358814393,0.19615223640145052,0.12362894849625973,603,0.9270315091210614,0.0,0.15298525330003385,0,65046,8254.42365188801,0.0,0.0,0.0,62036.0,0.7722366789817439,0.0,65046,2822472,4f51d5278d3faad6db3fa2f31390aa3a35cb8eaa4db694f8770cef07cbf2d4bf,disabled,f5c7e616aea6477ad1d887268e5c604a0c2e82546872f52ed90b5b3e70fced50,15.393353684979957,,,,,,,
I-1-2,Kepala,M06,MPIPS precise,0.6,COMPARABLE,,uint16,"[3053, 4059]",1sLur8whVT8Vb4OJeVIduSJFBQ3wKCOVX,1a1436b6aab20a2161e862617afe7f951e4483a35b869bb7df2539d16cdc64f0,1Y3-dD4k2a_SRvfCC7Ezyj-v9ImColQjK,2467d0e0efd81f7441053fc8bfdc7d246db457cd31d9d56be44b4239c22719c0,4832df384f0539643af026fbfc5f29cd2d44e380143e1e67b4118b42bdf1555b,8a149f929fc63b698023ddc10d295d684b6ebdba8c0bd23dcae7781f3335ad4d,f5c7e616aea6477ad1d887268e5c604a0c2e82546872f52ed90b5b3e70fced50,"candidate crop rows [26:3026]; integer pad columns left=18, right=19; no resize/interpolation/warp",0.990966796875,0.9744024347433796,0.19991514115384534,0.16016230061675985,603,0.87893864013267,0.0,0.1537768742755785,0,65021,8283.516819106195,0.0,0.0,0.0,61037.0,0.7722366789817439,0.0,65021,2822472,a88fa1481b636fc313b39e154526ae99c828e00bfa919d41c47b560e3e8955f8,mpips,f5c7e616aea6477ad1d887268e5c604a0c2e82546872f52ed90b5b3e70fced50,,35.13604891198338,,,,,,
I-1-2,Kepala,M103,MPIPS precise,1.03,COMPARABLE,,uint16,"[3053, 4059]",1sLur8whVT8Vb4OJeVIduSJFBQ3wKCOVX,1a1436b6aab20a2161e862617afe7f951e4483a35b869bb7df2539d16cdc64f0,1Y3-dD4k2a_SRvfCC7Ezyj-v9ImColQjK,2467d0e0efd81f7441053fc8bfdc7d246db457cd31d9d56be44b4239c22719c0,4832df384f0539643af026fbfc5f29cd2d44e380143e1e67b4118b42bdf1555b,8a149f929fc63b698023ddc10d295d684b6ebdba8c0bd23dcae7781f3335ad4d,f5c7e616aea6477ad1d887268e5c604a0c2e82546872f52ed90b5b3e70fced50,"candidate crop rows [26:3026]; integer pad columns left=18, right=19; no resize/interpolation/warp",0.990966796875,0.9728519171817157,0.199576074320133,0.18573957576811922,603,0.8374792703150912,0.0,0.1531231332297083,0,65021,8303.905523482772,0.0,0.0,0.0,60562.0,0.7722366789817439,0.0,65021,2822472,de553b7e3153ed190b89d066cf598fc89e23f765fbadd242ef9a2b2df542e15a,mpips,f5c7e616aea6477ad1d887268e5c604a0c2e82546872f52ed90b5b3e70fced50,,36.364325870003086,,,,,,
I-1-2,Kepala,M15,MPIPS precise,1.5,COMPARABLE,,uint16,"[3053, 4059]",1sLur8whVT8Vb4OJeVIduSJFBQ3wKCOVX,1a1436b6aab20a2161e862617afe7f951e4483a35b869bb7df2539d16cdc64f0,1Y3-dD4k2a_SRvfCC7Ezyj-v9ImColQjK,2467d0e0efd81f7441053fc8bfdc7d246db457cd31d9d56be44b4239c22719c0,4832df384f0539643af026fbfc5f29cd2d44e380143e1e67b4118b42bdf1555b,8a149f929fc63b698023ddc10d295d684b6ebdba8c0bd23dcae7781f3335ad4d,f5c7e616aea6477ad1d887268e5c604a0c2e82546872f52ed90b5b3e70fced50,"candidate crop rows [26:3026]; integer pad columns left=18, right=19; no resize/interpolation/warp",0.990966796875,0.9700181794860252,0.19925036745677072,0.21342427028052866,603,0.8092868988391376,0.0,0.15337036620705558,0,65021,8301.25604305056,0.0,0.0,0.0,60099.74000000022,0.7722366789817439,0.0,65021,2822472,b8fbc368cb105ea6901435de25e11805d87cbfb8823cf0bbee915cbd2a83a4e3,mpips,f5c7e616aea6477ad1d887268e5c604a0c2e82546872f52ed90b5b3e70fced50,,34.32052510799258,,,,,,
I-1-2,Kepala,M20,MPIPS precise,2.0,COMPARABLE,,uint16,"[3053, 4059]",1sLur8whVT8Vb4OJeVIduSJFBQ3wKCOVX,1a1436b6aab20a2161e862617afe7f951e4483a35b869bb7df2539d16cdc64f0,1Y3-dD4k2a_SRvfCC7Ezyj-v9ImColQjK,2467d0e0efd81f7441053fc8bfdc7d246db457cd31d9d56be44b4239c22719c0,4832df384f0539643af026fbfc5f29cd2d44e380143e1e67b4118b42bdf1555b,8a149f929fc63b698023ddc10d295d684b6ebdba8c0bd23dcae7781f3335ad4d,f5c7e616aea6477ad1d887268e5c604a0c2e82546872f52ed90b5b3e70fced50,"candidate crop rows [26:3026]; integer pad columns left=18, right=19; no resize/interpolation/warp",0.990966796875,0.9661988638309312,0.1994793297072531,0.24185299271014396,603,0.7910447761194029,0.0,0.15377110097803057,0,65021,8276.512735868508,0.0,0.0,0.0,59615.0,0.7722366789817439,0.0,65021,2822472,1c67a8d5f5da1b104348cfe6c9c46ba06ddda7bffb5b64ae4c6e9f0966773774,mpips,f5c7e616aea6477ad1d887268e5c604a0c2e82546872f52ed90b5b3e70fced50,,34.691573777992744,,,,,,
I-1-2,Kepala,M30,MPIPS precise,3.0,COMPARABLE,,uint16,"[3053, 4059]",1sLur8whVT8Vb4OJeVIduSJFBQ3wKCOVX,1a1436b6aab20a2161e862617afe7f951e4483a35b869bb7df2539d16cdc64f0,1Y3-dD4k2a_SRvfCC7Ezyj-v9ImColQjK,2467d0e0efd81f7441053fc8bfdc7d246db457cd31d9d56be44b4239c22719c0,4832df384f0539643af026fbfc5f29cd2d44e380143e1e67b4118b42bdf1555b,8a149f929fc63b698023ddc10d295d684b6ebdba8c0bd23dcae7781f3335ad4d,f5c7e616aea6477ad1d887268e5c604a0c2e82546872f52ed90b5b3e70fced50,"candidate crop rows [26:3026]; integer pad columns left=18, right=19; no resize/interpolation/warp",0.990966796875,0.9581273154889633,0.19929897010752703,0.29287893804110077,603,0.7661691542288557,0.0,0.15500692625902884,0,65021,8197.537000629512,0.0,0.0,0.0,58754.0,0.7722366789817439,0.0,65021,2822472,a7ade1a87830666b68854a75cea33ec942e595f988fe82c9b68f45546dfa8e3f,mpips,f5c7e616aea6477ad1d887268e5c604a0c2e82546872f52ed90b5b3e70fced50,,33.987324346991954,,,,,,
I-1-2,Kepala,F103,pinned Fiji Flat,1.03,COMPARABLE,,uint16,"[3053, 4059]",1sLur8whVT8Vb4OJeVIduSJFBQ3wKCOVX,1a1436b6aab20a2161e862617afe7f951e4483a35b869bb7df2539d16cdc64f0,1Y3-dD4k2a_SRvfCC7Ezyj-v9ImColQjK,2467d0e0efd81f7441053fc8bfdc7d246db457cd31d9d56be44b4239c22719c0,4832df384f0539643af026fbfc5f29cd2d44e380143e1e67b4118b42bdf1555b,8a149f929fc63b698023ddc10d295d684b6ebdba8c0bd23dcae7781f3335ad4d,f5c7e616aea6477ad1d887268e5c604a0c2e82546872f52ed90b5b3e70fced50,"candidate crop rows [26:3026]; integer pad columns left=18, right=19; no resize/interpolation/warp",0.990966796875,0.9743742611299426,0.19667511799963466,0.12703270437877145,603,0.9303482587064676,0.0,0.15298525330003385,0,65046,8273.167907656209,0.0,0.0,0.0,62036.0,0.7722366789817439,0.0,65046,2822472,f249c9ecd2da726b0009b77d338bbcd959f37d789b06a1940a8ff5eb90f8ac72,fiji,f5c7e616aea6477ad1d887268e5c604a0c2e82546872f52ed90b5b3e70fced50,,45.71084288301063,3.4783381430024747,33.361906965990784,621032,mm:ss or m:ss): 0:32.28,f5c7e616aea6477ad1d887268e5c604a0c2e82546872f52ed90b5b3e70fced50,3d55f9c5039db347ff729c055090d5050f94fd79ec251c63a232bebec7f984a7
I-1-2,Kepala,F15,pinned Fiji Flat,1.5,COMPARABLE,,uint16,"[3053, 4059]",1sLur8whVT8Vb4OJeVIduSJFBQ3wKCOVX,1a1436b6aab20a2161e862617afe7f951e4483a35b869bb7df2539d16cdc64f0,1Y3-dD4k2a_SRvfCC7Ezyj-v9ImColQjK,2467d0e0efd81f7441053fc8bfdc7d246db457cd31d9d56be44b4239c22719c0,4832df384f0539643af026fbfc5f29cd2d44e380143e1e67b4118b42bdf1555b,8a149f929fc63b698023ddc10d295d684b6ebdba8c0bd23dcae7781f3335ad4d,f5c7e616aea6477ad1d887268e5c604a0c2e82546872f52ed90b5b3e70fced50,"candidate crop rows [26:3026]; integer pad columns left=18, right=19; no resize/interpolation/warp",0.990966796875,0.9742108374477783,0.19842849893592443,0.17554147537323833,603,0.857379767827529,0.0,0.15141423715551666,0,65046,8358.157802127109,0.0,0.0,0.0,61023.0,0.7722366789817439,0.0,65046,2822472,387b15ad7d5cd0e4f02efe03ba1121f9a190974fb876d9cd4080c2f14e845603,fiji,f5c7e616aea6477ad1d887268e5c604a0c2e82546872f52ed90b5b3e70fced50,,46.82515431998763,3.4000367740227375,33.04679035398294,509888,mm:ss or m:ss): 0:32.44,f5c7e616aea6477ad1d887268e5c604a0c2e82546872f52ed90b5b3e70fced50,4b54537f0c42a4da4e5fc4eb4292c67026fadd0733bddba7c72466e503c5c8e2
I-1-2,Kepala,F20,pinned Fiji Flat,2.0,COMPARABLE,,uint16,"[3053, 4059]",1sLur8whVT8Vb4OJeVIduSJFBQ3wKCOVX,1a1436b6aab20a2161e862617afe7f951e4483a35b869bb7df2539d16cdc64f0,1Y3-dD4k2a_SRvfCC7Ezyj-v9ImColQjK,2467d0e0efd81f7441053fc8bfdc7d246db457cd31d9d56be44b4239c22719c0,4832df384f0539643af026fbfc5f29cd2d44e380143e1e67b4118b42bdf1555b,8a149f929fc63b698023ddc10d295d684b6ebdba8c0bd23dcae7781f3335ad4d,f5c7e616aea6477ad1d887268e5c604a0c2e82546872f52ed90b5b3e70fced50,"candidate crop rows [26:3026]; integer pad columns left=18, right=19; no resize/interpolation/warp",0.990966796875,0.9700826436630354,0.19829674198695468,0.22435281912724897,603,0.8126036484245439,0.0,0.15148215830313955,0,65046,8353.545190991023,0.0,0.0,0.0,60182.0,0.7722366789817439,0.0,65046,2822472,d9fab881d3d6d1a3e7f494093803a2f2924aa18a4c1ffb3f096bccc4c5e8f5ad,fiji,f5c7e616aea6477ad1d887268e5c604a0c2e82546872f52ed90b5b3e70fced50,,45.74349940702086,2.9418509870010894,33.69244159999653,510776,mm:ss or m:ss): 0:32.82,f5c7e616aea6477ad1d887268e5c604a0c2e82546872f52ed90b5b3e70fced50,8b1880eb470eb733dc55fa0a7891b2a16f5046109b335a08bf09372c0099b90e
I-1-2,Kepala,F30,pinned Fiji Flat,3.0,COMPARABLE,,uint16,"[3053, 4059]",1sLur8whVT8Vb4OJeVIduSJFBQ3wKCOVX,1a1436b6aab20a2161e862617afe7f951e4483a35b869bb7df2539d16cdc64f0,1Y3-dD4k2a_SRvfCC7Ezyj-v9ImColQjK,2467d0e0efd81f7441053fc8bfdc7d246db457cd31d9d56be44b4239c22719c0,4832df384f0539643af026fbfc5f29cd2d44e380143e1e67b4118b42bdf1555b,8a149f929fc63b698023ddc10d295d684b6ebdba8c0bd23dcae7781f3335ad4d,f5c7e616aea6477ad1d887268e5c604a0c2e82546872f52ed90b5b3e70fced50,"candidate crop rows [26:3026]; integer pad columns left=18, right=19; no resize/interpolation/warp",0.990966796875,0.9589285717631374,0.19852731664765175,0.31087952145831144,603,0.7611940298507462,0.0,0.15260523447908386,0,65046,8275.93831898269,0.0,0.0,0.0,58730.0,0.7722366789817439,0.0,65046,2822472,34c90023759f9e86b63b1b972b83b092c6c83acf4c7beea512d56e3a3d6e943e,fiji,f5c7e616aea6477ad1d887268e5c604a0c2e82546872f52ed90b5b3e70fced50,,44.816705682023894,2.994341557001462,32.171683426975505,510304,mm:ss or m:ss): 0:31.30,f5c7e616aea6477ad1d887268e5c604a0c2e82546872f52ed90b5b3e70fced50,97c11ccaf08c8759d0f108f60a1996143ba1e760a86cb4b0b21979d4436ae5b1
I-1-2,Tulang Belakang,C0,CLAHE disabled,,COMPARABLE,,uint16,"[3053, 4059]",1tZJDoZ5L-7zS_gmOQkNb6mPwFSgyN5L2,fbf2508fe8225c2a78a18749feb2a8b30c8cf3a3d39668fcdac14733e141e570,1Y3-dD4k2a_SRvfCC7Ezyj-v9ImColQjK,2467d0e0efd81f7441053fc8bfdc7d246db457cd31d9d56be44b4239c22719c0,4832df384f0539643af026fbfc5f29cd2d44e380143e1e67b4118b42bdf1555b,2f03bcd284854b1d379001ba297b74ce4457077b02dc3ecb1aff4da7a0bbe4df,c953d0c136054847a248fa36941eb8089c688f1f87c3a347bdc3e8d2839535ef,"candidate crop rows [26:3026]; integer pad columns left=18, right=19; no resize/interpolation/warp",0.990966796875,0.9839613744198977,0.5286455570154296,0.2099754984688985,494,0.9433198380566802,0.0,0.024503694306059334,0,65218,27094.400445379553,30545.0,0.0,30545.0,63868.0,0.3674765437765446,0.0,65218,7838311,c3a9c8454582f797c75446fd0680db91265689fdfd9a96a07d807bfe69733382,disabled,c953d0c136054847a248fa36941eb8089c688f1f87c3a347bdc3e8d2839535ef,16.220404735999182,,,,,,,
I-1-2,Tulang Belakang,M06,MPIPS precise,0.6,COMPARABLE,,uint16,"[3053, 4059]",1tZJDoZ5L-7zS_gmOQkNb6mPwFSgyN5L2,fbf2508fe8225c2a78a18749feb2a8b30c8cf3a3d39668fcdac14733e141e570,1Y3-dD4k2a_SRvfCC7Ezyj-v9ImColQjK,2467d0e0efd81f7441053fc8bfdc7d246db457cd31d9d56be44b4239c22719c0,4832df384f0539643af026fbfc5f29cd2d44e380143e1e67b4118b42bdf1555b,2f03bcd284854b1d379001ba297b74ce4457077b02dc3ecb1aff4da7a0bbe4df,c953d0c136054847a248fa36941eb8089c688f1f87c3a347bdc3e8d2839535ef,"candidate crop rows [26:3026]; integer pad columns left=18, right=19; no resize/interpolation/warp",0.990966796875,0.985895255557825,0.542001313674011,0.3037354812227175,494,0.8846153846153846,0.0,0.024783250752349915,0,64809,26766.538523209132,31104.0,0.0,31104.0,62983.0,0.36770564084761237,0.0,64809,7835472,1b3530079062bf324294d160e6e783c9fdfc0fc17eadeb9bd76e281ec541bf51,mpips,c953d0c136054847a248fa36941eb8089c688f1f87c3a347bdc3e8d2839535ef,,36.630877865012735,,,,,,
I-1-2,Tulang Belakang,M103,MPIPS precise,1.03,COMPARABLE,,uint16,"[3053, 4059]",1tZJDoZ5L-7zS_gmOQkNb6mPwFSgyN5L2,fbf2508fe8225c2a78a18749feb2a8b30c8cf3a3d39668fcdac14733e141e570,1Y3-dD4k2a_SRvfCC7Ezyj-v9ImColQjK,2467d0e0efd81f7441053fc8bfdc7d246db457cd31d9d56be44b4239c22719c0,4832df384f0539643af026fbfc5f29cd2d44e380143e1e67b4118b42bdf1555b,2f03bcd284854b1d379001ba297b74ce4457077b02dc3ecb1aff4da7a0bbe4df,c953d0c136054847a248fa36941eb8089c688f1f87c3a347bdc3e8d2839535ef,"candidate crop rows [26:3026]; integer pad columns left=18, right=19; no resize/interpolation/warp",0.990966796875,0.986243275499867,0.5418735185816403,0.36883441594838967,494,0.7834008097165992,0.0,0.024409314727099726,0,64805,26667.360570788212,31523.0,0.0,31523.0,62708.0,0.36770564084761237,0.0,64805,7835472,75f02685fe00a766aea7936fcdc1cf14e691025b228a3c0f200c5a30a48b07b9,mpips,c953d0c136054847a248fa36941eb8089c688f1f87c3a347bdc3e8d2839535ef,,37.77899338901625,,,,,,
I-1-2,Tulang Belakang,M15,MPIPS precise,1.5,COMPARABLE,,uint16,"[3053, 4059]",1tZJDoZ5L-7zS_gmOQkNb6mPwFSgyN5L2,fbf2508fe8225c2a78a18749feb2a8b30c8cf3a3d39668fcdac14733e141e570,1Y3-dD4k2a_SRvfCC7Ezyj-v9ImColQjK,2467d0e0efd81f7441053fc8bfdc7d246db457cd31d9d56be44b4239c22719c0,4832df384f0539643af026fbfc5f29cd2d44e380143e1e67b4118b42bdf1555b,2f03bcd284854b1d379001ba297b74ce4457077b02dc3ecb1aff4da7a0bbe4df,c953d0c136054847a248fa36941eb8089c688f1f87c3a347bdc3e8d2839535ef,"candidate crop rows [26:3026]; integer pad columns left=18, right=19; no resize/interpolation/warp",0.990966796875,0.9856177074808143,0.5406489396515851,0.44147397299151925,494,0.6477732793522267,0.0,0.024353238101352922,0,64770,26548.89478513253,31755.0,0.0,31755.0,62366.0,0.36770564084761237,0.0,64770,7835472,a2f107d1a9ea08cb751437e1e21c7a04562f9534ad4de2175b4ecbd6cb7fce5c,mpips,c953d0c136054847a248fa36941eb8089c688f1f87c3a347bdc3e8d2839535ef,,32.55423616897315,,,,,,
I-1-2,Tulang Belakang,M20,MPIPS precise,2.0,COMPARABLE,,uint16,"[3053, 4059]",1tZJDoZ5L-7zS_gmOQkNb6mPwFSgyN5L2,fbf2508fe8225c2a78a18749feb2a8b30c8cf3a3d39668fcdac14733e141e570,1Y3-dD4k2a_SRvfCC7Ezyj-v9ImColQjK,2467d0e0efd81f7441053fc8bfdc7d246db457cd31d9d56be44b4239c22719c0,4832df384f0539643af026fbfc5f29cd2d44e380143e1e67b4118b42bdf1555b,2f03bcd284854b1d379001ba297b74ce4457077b02dc3ecb1aff4da7a0bbe4df,c953d0c136054847a248fa36941eb8089c688f1f87c3a347bdc3e8d2839535ef,"candidate crop rows [26:3026]; integer pad columns left=18, right=19; no resize/interpolation/warp",0.990966796875,0.984022396142016,0.5422592428704266,0.5185388408040884,494,0.5384615384615384,0.0,0.024409314727099726,0,64764,26412.55192292655,31859.0,0.0,31859.0,62044.0,0.36770564084761237,0.0,64764,7835472,98f27f49e894133569f4a399af1011995516b87252dd747b45c640b8a507afd2,mpips,c953d0c136054847a248fa36941eb8089c688f1f87c3a347bdc3e8d2839535ef,,38.21337689898792,,,,,,
I-1-2,Tulang Belakang,M30,MPIPS precise,3.0,COMPARABLE,,uint16,"[3053, 4059]",1tZJDoZ5L-7zS_gmOQkNb6mPwFSgyN5L2,fbf2508fe8225c2a78a18749feb2a8b30c8cf3a3d39668fcdac14733e141e570,1Y3-dD4k2a_SRvfCC7Ezyj-v9ImColQjK,2467d0e0efd81f7441053fc8bfdc7d246db457cd31d9d56be44b4239c22719c0,4832df384f0539643af026fbfc5f29cd2d44e380143e1e67b4118b42bdf1555b,2f03bcd284854b1d379001ba297b74ce4457077b02dc3ecb1aff4da7a0bbe4df,c953d0c136054847a248fa36941eb8089c688f1f87c3a347bdc3e8d2839535ef,"candidate crop rows [26:3026]; integer pad columns left=18, right=19; no resize/interpolation/warp",0.990966796875,0.9788825274968053,0.541935396072289,0.666479899422236,494,0.4008097165991903,0.0,0.024602758418865115,0,64885,26106.64084018829,31785.0,0.0,31785.0,61492.0,0.36770564084761237,0.0,64885,7835472,51a98d5dc10301b38131e99fe36384679c8440314b8d84d54738ad05cd763376,mpips,c953d0c136054847a248fa36941eb8089c688f1f87c3a347bdc3e8d2839535ef,,34.20464898200589,,,,,,
I-1-2,Tulang Belakang,F103,pinned Fiji Flat,1.03,COMPARABLE,,uint16,"[3053, 4059]",1tZJDoZ5L-7zS_gmOQkNb6mPwFSgyN5L2,fbf2508fe8225c2a78a18749feb2a8b30c8cf3a3d39668fcdac14733e141e570,1Y3-dD4k2a_SRvfCC7Ezyj-v9ImColQjK,2467d0e0efd81f7441053fc8bfdc7d246db457cd31d9d56be44b4239c22719c0,4832df384f0539643af026fbfc5f29cd2d44e380143e1e67b4118b42bdf1555b,2f03bcd284854b1d379001ba297b74ce4457077b02dc3ecb1aff4da7a0bbe4df,c953d0c136054847a248fa36941eb8089c688f1f87c3a347bdc3e8d2839535ef,"candidate crop rows [26:3026]; integer pad columns left=18, right=19; no resize/interpolation/warp",0.990966796875,0.9843747277697915,0.5290725329646484,0.2191713902663346,494,0.9473684210526315,0.0,0.024503694306059334,0,65218,27054.87516493335,30764.0,0.0,30764.0,63868.0,0.3674765437765446,0.0,65218,7838311,e11f767bc723098bc4672199dde3f640f85ba7f9c09e78cc2ccacbcafbf7184b,fiji,c953d0c136054847a248fa36941eb8089c688f1f87c3a347bdc3e8d2839535ef,,49.0651803239889,3.133863235008903,34.099743925005896,514440,mm:ss or m:ss): 0:33.44,c953d0c136054847a248fa36941eb8089c688f1f87c3a347bdc3e8d2839535ef,fe32463d660a62d5718356e749eb55658404294ce079036e3106d1de48b9c8f8
I-1-2,Tulang Belakang,F15,pinned Fiji Flat,1.5,COMPARABLE,,uint16,"[3053, 4059]",1tZJDoZ5L-7zS_gmOQkNb6mPwFSgyN5L2,fbf2508fe8225c2a78a18749feb2a8b30c8cf3a3d39668fcdac14733e141e570,1Y3-dD4k2a_SRvfCC7Ezyj-v9ImColQjK,2467d0e0efd81f7441053fc8bfdc7d246db457cd31d9d56be44b4239c22719c0,4832df384f0539643af026fbfc5f29cd2d44e380143e1e67b4118b42bdf1555b,2f03bcd284854b1d379001ba297b74ce4457077b02dc3ecb1aff4da7a0bbe4df,c953d0c136054847a248fa36941eb8089c688f1f87c3a347bdc3e8d2839535ef,"candidate crop rows [26:3026]; integer pad columns left=18, right=19; no resize/interpolation/warp",0.990966796875,0.9870985212138067,0.5353081254501268,0.30784776105489886,494,0.8522267206477733,0.0,0.023700572312255596,0,65218,26962.932550481448,31777.0,0.0,31777.0,63333.0,0.3674765437765446,0.0,65218,7838311,9e1c4f2e81380ecb14c8b4fe6b7c37f10a96fd33e61413a2ef252dac5a3cd5e3,fiji,c953d0c136054847a248fa36941eb8089c688f1f87c3a347bdc3e8d2839535ef,,48.31761824601563,3.5454858019948006,33.117710202001035,512008,mm:ss or m:ss): 0:32.44,c953d0c136054847a248fa36941eb8089c688f1f87c3a347bdc3e8d2839535ef,a0ad04b6e765bfc9abc64fdc0c00367cead3ab4e9bbe5d1652f3857edb93b36f
I-1-2,Tulang Belakang,F20,pinned Fiji Flat,2.0,COMPARABLE,,uint16,"[3053, 4059]",1tZJDoZ5L-7zS_gmOQkNb6mPwFSgyN5L2,fbf2508fe8225c2a78a18749feb2a8b30c8cf3a3d39668fcdac14733e141e570,1Y3-dD4k2a_SRvfCC7Ezyj-v9ImColQjK,2467d0e0efd81f7441053fc8bfdc7d246db457cd31d9d56be44b4239c22719c0,4832df384f0539643af026fbfc5f29cd2d44e380143e1e67b4118b42bdf1555b,2f03bcd284854b1d379001ba297b74ce4457077b02dc3ecb1aff4da7a0bbe4df,c953d0c136054847a248fa36941eb8089c688f1f87c3a347bdc3e8d2839535ef,"candidate crop rows [26:3026]; integer pad columns left=18, right=19; no resize/interpolation/warp",0.990966796875,0.9864170655480952,0.5348683912554135,0.4054511788266495,494,0.6639676113360324,0.0,0.0236209352368707,0,65218,26811.82412268693,32120.0,0.0,32120.0,62845.0,0.3674765437765446,0.0,65218,7838311,2ac154bdbc834a6587e625540471fa434cbb2cc908a8a8524656f9c5dc369a7d,fiji,c953d0c136054847a248fa36941eb8089c688f1f87c3a347bdc3e8d2839535ef,,49.812409588019364,4.1969479139952455,34.449724736012286,512672,mm:ss or m:ss): 0:33.76,c953d0c136054847a248fa36941eb8089c688f1f87c3a347bdc3e8d2839535ef,ec806bc24c84278336bdc95876e6ccee611e84eed7cbfa8792dbfad3f328a60b
I-1-2,Tulang Belakang,F30,pinned Fiji Flat,3.0,COMPARABLE,,uint16,"[3053, 4059]",1tZJDoZ5L-7zS_gmOQkNb6mPwFSgyN5L2,fbf2508fe8225c2a78a18749feb2a8b30c8cf3a3d39668fcdac14733e141e570,1Y3-dD4k2a_SRvfCC7Ezyj-v9ImColQjK,2467d0e0efd81f7441053fc8bfdc7d246db457cd31d9d56be44b4239c22719c0,4832df384f0539643af026fbfc5f29cd2d44e380143e1e67b4118b42bdf1555b,2f03bcd284854b1d379001ba297b74ce4457077b02dc3ecb1aff4da7a0bbe4df,c953d0c136054847a248fa36941eb8089c688f1f87c3a347bdc3e8d2839535ef,"candidate crop rows [26:3026]; integer pad columns left=18, right=19; no resize/interpolation/warp",0.990966796875,0.9810496704454007,0.5372237760111388,0.5962641794212069,494,0.4089068825910931,0.0,0.02348191480596523,0,65218,26478.80268923971,32261.0,0.0,32261.0,62280.0,0.3674765437765446,0.0,65218,7838311,4aa833e0db7c8e7f477c210930f1bac5db30653ad050bb9448d82e8940401b12,fiji,c953d0c136054847a248fa36941eb8089c688f1f87c3a347bdc3e8d2839535ef,,45.87477039801888,3.4438252020045184,31.830578453984344,511848,mm:ss or m:ss): 0:31.18,c953d0c136054847a248fa36941eb8089c688f1f87c3a347bdc3e8d2839535ef,85f434e10c36020f3ba92695760e497f1c635cfbc468b2d97a6578de630f25d1
I-1-3,Tulang Belakang,C0,CLAHE disabled,,COMPARABLE,,uint16,"[3053, 4059]",1QWnZSu_9CP1TuVVfbjQtscAylj25N-Ol,a250d103f573fb3b77ccda11485ddb0391d7ebfd5ef8811ecebdbb362b9da110,1nGjmoE0cGxT5lU-7KnMJG1-51N34w0Wo,0a990655f6dcf477d97717c806acb916bab2ff91e65706ea5a577d090e38c45a,4832df384f0539643af026fbfc5f29cd2d44e380143e1e67b4118b42bdf1555b,37965c9c87cb7e4898de200d202be2c5764ee4730f155702fbab50cd502d83a4,a97c5972a1f0f406c26b7b7d4f2a0f813467a6aef2ed22bf3a71ad25e3d7fd8f,"candidate crop rows [26:3026]; integer pad columns left=18, right=19; no resize/interpolation/warp",0.990966796875,0.9931154473069744,0.4629419963370833,0.18652671768385243,666,0.9474474474474475,0.0,0.015680023344587502,0,65256,24000.70893301852,17885.0,0.0,17885.0,63523.0,0.45202183612224117,0.0,65256,6790615,6eb877a5a2b1d7ff06d6404b85d300487c53bab870db5f322a132e755f31cbe5,disabled,a97c5972a1f0f406c26b7b7d4f2a0f813467a6aef2ed22bf3a71ad25e3d7fd8f,15.622981588006951,,,,,,,
I-1-3,Tulang Belakang,M06,MPIPS precise,0.6,COMPARABLE,,uint16,"[3053, 4059]",1QWnZSu_9CP1TuVVfbjQtscAylj25N-Ol,a250d103f573fb3b77ccda11485ddb0391d7ebfd5ef8811ecebdbb362b9da110,1nGjmoE0cGxT5lU-7KnMJG1-51N34w0Wo,0a990655f6dcf477d97717c806acb916bab2ff91e65706ea5a577d090e38c45a,4832df384f0539643af026fbfc5f29cd2d44e380143e1e67b4118b42bdf1555b,37965c9c87cb7e4898de200d202be2c5764ee4730f155702fbab50cd502d83a4,a97c5972a1f0f406c26b7b7d4f2a0f813467a6aef2ed22bf3a71ad25e3d7fd8f,"candidate crop rows [26:3026]; integer pad columns left=18, right=19; no resize/interpolation/warp",0.990966796875,0.994057341489519,0.4752997000517539,0.2721415466579941,666,0.8543543543543544,0.0,0.015987345332204837,0,64811,23678.464549548273,19626.0,0.0,19626.0,62472.0,0.45219597894695557,0.0,64811,6788457,81cd8566faff6fb4146348b5223cf66a851305f6435d711e91c135b93f6ddf48,mpips,a97c5972a1f0f406c26b7b7d4f2a0f813467a6aef2ed22bf3a71ad25e3d7fd8f,,36.812790793017484,,,,,,
I-1-3,Tulang Belakang,M103,MPIPS precise,1.03,COMPARABLE,,uint16,"[3053, 4059]",1QWnZSu_9CP1TuVVfbjQtscAylj25N-Ol,a250d103f573fb3b77ccda11485ddb0391d7ebfd5ef8811ecebdbb362b9da110,1nGjmoE0cGxT5lU-7KnMJG1-51N34w0Wo,0a990655f6dcf477d97717c806acb916bab2ff91e65706ea5a577d090e38c45a,4832df384f0539643af026fbfc5f29cd2d44e380143e1e67b4118b42bdf1555b,37965c9c87cb7e4898de200d202be2c5764ee4730f155702fbab50cd502d83a4,a97c5972a1f0f406c26b7b7d4f2a0f813467a6aef2ed22bf3a71ad25e3d7fd8f,"candidate crop rows [26:3026]; integer pad columns left=18, right=19; no resize/interpolation/warp",0.990966796875,0.9939729178591798,0.4755765985981121,0.33160878994391274,666,0.7237237237237237,0.0,0.015659392169264104,0,64764,23584.388399505588,20960.0,0.0,20960.0,62042.0,0.45219597894695557,0.0,64764,6788457,6ec83fc05c862b392c8f92a8c333c3652947ae0b351c6066c812a7723e9cf7e7,mpips,a97c5972a1f0f406c26b7b7d4f2a0f813467a6aef2ed22bf3a71ad25e3d7fd8f,,33.69152594098705,,,,,,
I-1-3,Tulang Belakang,M15,MPIPS precise,1.5,COMPARABLE,,uint16,"[3053, 4059]",1QWnZSu_9CP1TuVVfbjQtscAylj25N-Ol,a250d103f573fb3b77ccda11485ddb0391d7ebfd5ef8811ecebdbb362b9da110,1nGjmoE0cGxT5lU-7KnMJG1-51N34w0Wo,0a990655f6dcf477d97717c806acb916bab2ff91e65706ea5a577d090e38c45a,4832df384f0539643af026fbfc5f29cd2d44e380143e1e67b4118b42bdf1555b,37965c9c87cb7e4898de200d202be2c5764ee4730f155702fbab50cd502d83a4,a97c5972a1f0f406c26b7b7d4f2a0f813467a6aef2ed22bf3a71ad25e3d7fd8f,"candidate crop rows [26:3026]; integer pad columns left=18, right=19; no resize/interpolation/warp",0.990966796875,0.993098833281997,0.47408980663719125,0.3977521604823086,666,0.6141141141141141,0.0,0.015608391903864665,0,64581,23474.869335748415,22192.0,0.0,22192.0,61685.0,0.45219597894695557,0.0,64581,6788457,59e454157a9ed56f20f7f815455123d0745ebf8eaf2c31b6f010f578de19e5a5,mpips,a97c5972a1f0f406c26b7b7d4f2a0f813467a6aef2ed22bf3a71ad25e3d7fd8f,,36.12480644101743,,,,,,
I-1-3,Tulang Belakang,M20,MPIPS precise,2.0,COMPARABLE,,uint16,"[3053, 4059]",1QWnZSu_9CP1TuVVfbjQtscAylj25N-Ol,a250d103f573fb3b77ccda11485ddb0391d7ebfd5ef8811ecebdbb362b9da110,1nGjmoE0cGxT5lU-7KnMJG1-51N34w0Wo,0a990655f6dcf477d97717c806acb916bab2ff91e65706ea5a577d090e38c45a,4832df384f0539643af026fbfc5f29cd2d44e380143e1e67b4118b42bdf1555b,37965c9c87cb7e4898de200d202be2c5764ee4730f155702fbab50cd502d83a4,a97c5972a1f0f406c26b7b7d4f2a0f813467a6aef2ed22bf3a71ad25e3d7fd8f,"candidate crop rows [26:3026]; integer pad columns left=18, right=19; no resize/interpolation/warp",0.990966796875,0.9914527174813301,0.4752986209459614,0.4679909650551497,666,0.493993993993994,0.0,0.015692237000378955,0,64542,23344.00979129733,22996.0,0.0,22996.0,61378.0,0.45219597894695557,0.0,64542,6788457,70bb43c05ffcf0c29836eade6b78c76b2150b4d9351a075d7cc8c7fa92c07a0e,mpips,a97c5972a1f0f406c26b7b7d4f2a0f813467a6aef2ed22bf3a71ad25e3d7fd8f,,34.254788705991814,,,,,,
I-1-3,Tulang Belakang,M30,MPIPS precise,3.0,COMPARABLE,,uint16,"[3053, 4059]",1QWnZSu_9CP1TuVVfbjQtscAylj25N-Ol,a250d103f573fb3b77ccda11485ddb0391d7ebfd5ef8811ecebdbb362b9da110,1nGjmoE0cGxT5lU-7KnMJG1-51N34w0Wo,0a990655f6dcf477d97717c806acb916bab2ff91e65706ea5a577d090e38c45a,4832df384f0539643af026fbfc5f29cd2d44e380143e1e67b4118b42bdf1555b,37965c9c87cb7e4898de200d202be2c5764ee4730f155702fbab50cd502d83a4,a97c5972a1f0f406c26b7b7d4f2a0f813467a6aef2ed22bf3a71ad25e3d7fd8f,"candidate crop rows [26:3026]; integer pad columns left=18, right=19; no resize/interpolation/warp",0.990966796875,0.9867372548637185,0.47519804828609946,0.6043761089415831,666,0.36036036036036034,0.0,0.015959286933765013,0,64389,23047.222986981975,23657.0,0.0,23657.0,60745.0,0.45219597894695557,0.0,64389,6788457,f91d62a1f2ee79d053644fe1a69903052c4f175a101084c9bc7dfa4432d5ac0b,mpips,a97c5972a1f0f406c26b7b7d4f2a0f813467a6aef2ed22bf3a71ad25e3d7fd8f,,35.0873180150229,,,,,,
I-1-3,Tulang Belakang,F103,pinned Fiji Flat,1.03,COMPARABLE,,uint16,"[3053, 4059]",1QWnZSu_9CP1TuVVfbjQtscAylj25N-Ol,a250d103f573fb3b77ccda11485ddb0391d7ebfd5ef8811ecebdbb362b9da110,1nGjmoE0cGxT5lU-7KnMJG1-51N34w0Wo,0a990655f6dcf477d97717c806acb916bab2ff91e65706ea5a577d090e38c45a,4832df384f0539643af026fbfc5f29cd2d44e380143e1e67b4118b42bdf1555b,37965c9c87cb7e4898de200d202be2c5764ee4730f155702fbab50cd502d83a4,a97c5972a1f0f406c26b7b7d4f2a0f813467a6aef2ed22bf3a71ad25e3d7fd8f,"candidate crop rows [26:3026]; integer pad columns left=18, right=19; no resize/interpolation/warp",0.990966796875,0.9933569471909771,0.46371290951525274,0.19438188869152667,666,0.9474474474474475,0.0,0.015680023344587502,0,65256,23952.959177790868,18156.0,0.0,18156.0,63523.0,0.45202183612224117,0.0,65256,6790615,203bc1275f8a4fa9a0d08446448c884943e129626e9fdc525b968c5c54d5e76b,fiji,a97c5972a1f0f406c26b7b7d4f2a0f813467a6aef2ed22bf3a71ad25e3d7fd8f,,48.03499064297648,3.206393319007475,33.77139833799447,600096,mm:ss or m:ss): 0:32.64,a97c5972a1f0f406c26b7b7d4f2a0f813467a6aef2ed22bf3a71ad25e3d7fd8f,4324295e4173a8bf4e4e7da02867ed15c869b64d6224474d522ee8b824433a23
I-1-3,Tulang Belakang,F15,pinned Fiji Flat,1.5,COMPARABLE,,uint16,"[3053, 4059]",1QWnZSu_9CP1TuVVfbjQtscAylj25N-Ol,a250d103f573fb3b77ccda11485ddb0391d7ebfd5ef8811ecebdbb362b9da110,1nGjmoE0cGxT5lU-7KnMJG1-51N34w0Wo,0a990655f6dcf477d97717c806acb916bab2ff91e65706ea5a577d090e38c45a,4832df384f0539643af026fbfc5f29cd2d44e380143e1e67b4118b42bdf1555b,37965c9c87cb7e4898de200d202be2c5764ee4730f155702fbab50cd502d83a4,a97c5972a1f0f406c26b7b7d4f2a0f813467a6aef2ed22bf3a71ad25e3d7fd8f,"candidate crop rows [26:3026]; integer pad columns left=18, right=19; no resize/interpolation/warp",0.990966796875,0.9945825933287585,0.46971122697350104,0.2731056519081545,666,0.8303303303303303,0.0,0.014917330055232133,0,65256,23859.371423162465,20817.0,0.0,20817.0,62802.0,0.45202183612224117,0.0,65256,6790615,5bd3ac8d15e022170203058dc9404c29b8403e7bba1891abc217f8b12099e99f,fiji,a97c5972a1f0f406c26b7b7d4f2a0f813467a6aef2ed22bf3a71ad25e3d7fd8f,,48.02185394099797,3.648235761997057,33.21306869399268,600112,mm:ss or m:ss): 0:32.05,a97c5972a1f0f406c26b7b7d4f2a0f813467a6aef2ed22bf3a71ad25e3d7fd8f,0a589b81c44cd0ab331077504ed828870f0209a432e06ff46d4a3468784e8290
I-1-3,Tulang Belakang,F20,pinned Fiji Flat,2.0,COMPARABLE,,uint16,"[3053, 4059]",1QWnZSu_9CP1TuVVfbjQtscAylj25N-Ol,a250d103f573fb3b77ccda11485ddb0391d7ebfd5ef8811ecebdbb362b9da110,1nGjmoE0cGxT5lU-7KnMJG1-51N34w0Wo,0a990655f6dcf477d97717c806acb916bab2ff91e65706ea5a577d090e38c45a,4832df384f0539643af026fbfc5f29cd2d44e380143e1e67b4118b42bdf1555b,37965c9c87cb7e4898de200d202be2c5764ee4730f155702fbab50cd502d83a4,a97c5972a1f0f406c26b7b7d4f2a0f813467a6aef2ed22bf3a71ad25e3d7fd8f,"candidate crop rows [26:3026]; integer pad columns left=18, right=19; no resize/interpolation/warp",0.990966796875,0.9934623516543595,0.46903268525117053,0.36028552243147427,666,0.6411411411411412,0.0,0.014885310471130219,0,65256,23728.186856219276,22821.0,0.0,22821.0,62283.0,0.45202183612224117,0.0,65256,6790615,c84ce67b5892250b0ef27f8942c33afee50373dcf1f5089d28a170f607b355e8,fiji,a97c5972a1f0f406c26b7b7d4f2a0f813467a6aef2ed22bf3a71ad25e3d7fd8f,,47.071319617010886,3.525939101993572,32.98958291701274,509632,mm:ss or m:ss): 0:31.82,a97c5972a1f0f406c26b7b7d4f2a0f813467a6aef2ed22bf3a71ad25e3d7fd8f,e58b748adac180b5f29563e6f5c06085ee2a4f30ae6092ec736817f0530e5e7a
I-1-3,Tulang Belakang,F30,pinned Fiji Flat,3.0,COMPARABLE,,uint16,"[3053, 4059]",1QWnZSu_9CP1TuVVfbjQtscAylj25N-Ol,a250d103f573fb3b77ccda11485ddb0391d7ebfd5ef8811ecebdbb362b9da110,1nGjmoE0cGxT5lU-7KnMJG1-51N34w0Wo,0a990655f6dcf477d97717c806acb916bab2ff91e65706ea5a577d090e38c45a,4832df384f0539643af026fbfc5f29cd2d44e380143e1e67b4118b42bdf1555b,37965c9c87cb7e4898de200d202be2c5764ee4730f155702fbab50cd502d83a4,a97c5972a1f0f406c26b7b7d4f2a0f813467a6aef2ed22bf3a71ad25e3d7fd8f,"candidate crop rows [26:3026]; integer pad columns left=18, right=19; no resize/interpolation/warp",0.990966796875,0.9883764785541133,0.4707232123857173,0.5328880491382797,666,0.39039039039039036,0.0,0.014828863575445403,0,65256,23422.021533430056,24921.0,0.0,24921.0,61514.0,0.45202183612224117,0.0,65256,6790615,beaed977660ee15cf7e4b8b19a891bad09ac0e13718ef8990c4614f69eae0d77,fiji,a97c5972a1f0f406c26b7b7d4f2a0f813467a6aef2ed22bf3a71ad25e3d7fd8f,,46.80182355598663,3.3217844139726367,33.086093710007844,600408,mm:ss or m:ss): 0:31.76,a97c5972a1f0f406c26b7b7d4f2a0f813467a6aef2ed22bf3a71ad25e3d7fd8f,f4b8cfebc5823778c5c4cb8ed815daa0906a8bea2df629efdffd0978cb0dd785
I-1-4,Kepala,C0,CLAHE disabled,,COMPARABLE,,uint16,"[3053, 4059]",1AGDbZmXqGBDeftQMX7jk5MBl0bCTckVm,416c91f4dd0349f12637ae9fd3843f99621fc3f96419f59c73a0681dc49715f9,1HeuhINTVSA7tyNBBi4rSZeOdDbAmR6ds,bfffcb4faa4d0b094c69ffbfbd5dc028fb834cf57c374871ef49847a77f1e892,4832df384f0539643af026fbfc5f29cd2d44e380143e1e67b4118b42bdf1555b,a67027fcad1725fa05d418281c2a3ae251035c2361f7284772b0ad95c92d15ad,d55632b8d71f583a93b297764b8cac989e0691bbca0ab4151747717d78de36e2,"candidate crop rows [26:3026]; integer pad columns left=18, right=19; no resize/interpolation/warp",0.990966796875,0.97395608329796,0.20877419833368635,0.14399879678851135,793,0.8284993694829761,0.0,0.14295575753574388,0,65041,7965.389771667124,0.0,0.0,0.0,62030.0,0.7843001447612665,0.0,65041,2672980,95f5d8a128dadfc9a95ae02085a1841060f68793c3f295a3e480085dc19b4ec5,disabled,d55632b8d71f583a93b297764b8cac989e0691bbca0ab4151747717d78de36e2,15.507649684994249,,,,,,,
I-1-4,Kepala,M06,MPIPS precise,0.6,COMPARABLE,,uint16,"[3053, 4059]",1AGDbZmXqGBDeftQMX7jk5MBl0bCTckVm,416c91f4dd0349f12637ae9fd3843f99621fc3f96419f59c73a0681dc49715f9,1HeuhINTVSA7tyNBBi4rSZeOdDbAmR6ds,bfffcb4faa4d0b094c69ffbfbd5dc028fb834cf57c374871ef49847a77f1e892,4832df384f0539643af026fbfc5f29cd2d44e380143e1e67b4118b42bdf1555b,a67027fcad1725fa05d418281c2a3ae251035c2361f7284772b0ad95c92d15ad,d55632b8d71f583a93b297764b8cac989e0691bbca0ab4151747717d78de36e2,"candidate crop rows [26:3026]; integer pad columns left=18, right=19; no resize/interpolation/warp",0.990966796875,0.9748697611966406,0.21272255885520006,0.18648834652015234,793,0.7919293820933165,0.0,0.1433849043039386,0,65021,7972.040408962885,0.0,0.0,0.0,60980.0,0.7843001447612665,0.0,65021,2672980,a22e599fd437a65e24d16ae0012d601a73f337a04732f5986dff58211f339729,mpips,d55632b8d71f583a93b297764b8cac989e0691bbca0ab4151747717d78de36e2,,34.77555934898555,,,,,,
I-1-4,Kepala,M103,MPIPS precise,1.03,COMPARABLE,,uint16,"[3053, 4059]",1AGDbZmXqGBDeftQMX7jk5MBl0bCTckVm,416c91f4dd0349f12637ae9fd3843f99621fc3f96419f59c73a0681dc49715f9,1HeuhINTVSA7tyNBBi4rSZeOdDbAmR6ds,bfffcb4faa4d0b094c69ffbfbd5dc028fb834cf57c374871ef49847a77f1e892,4832df384f0539643af026fbfc5f29cd2d44e380143e1e67b4118b42bdf1555b,a67027fcad1725fa05d418281c2a3ae251035c2361f7284772b0ad95c92d15ad,d55632b8d71f583a93b297764b8cac989e0691bbca0ab4151747717d78de36e2,"candidate crop rows [26:3026]; integer pad columns left=18, right=19; no resize/interpolation/warp",0.990966796875,0.9736083121976932,0.21244284631924681,0.21640380554019836,793,0.7629255989911727,0.0,0.1425354137781788,0,65021,7976.681882295105,0.0,0.0,0.0,60458.0,0.7843001447612665,0.0,65021,2672980,92f87131174acd184b2d81706e3b5a8d2d716db08e898257efed9cab0eaeeb1e,mpips,d55632b8d71f583a93b297764b8cac989e0691bbca0ab4151747717d78de36e2,,33.251106448995415,,,,,,
I-1-4,Kepala,M15,MPIPS precise,1.5,COMPARABLE,,uint16,"[3053, 4059]",1AGDbZmXqGBDeftQMX7jk5MBl0bCTckVm,416c91f4dd0349f12637ae9fd3843f99621fc3f96419f59c73a0681dc49715f9,1HeuhINTVSA7tyNBBi4rSZeOdDbAmR6ds,bfffcb4faa4d0b094c69ffbfbd5dc028fb834cf57c374871ef49847a77f1e892,4832df384f0539643af026fbfc5f29cd2d44e380143e1e67b4118b42bdf1555b,a67027fcad1725fa05d418281c2a3ae251035c2361f7284772b0ad95c92d15ad,d55632b8d71f583a93b297764b8cac989e0691bbca0ab4151747717d78de36e2,"candidate crop rows [26:3026]; integer pad columns left=18, right=19; no resize/interpolation/warp",0.990966796875,0.9709890596913959,0.2118053315664346,0.24869965216091117,793,0.7263556116015133,0.0,0.14280463918660183,0,65021,7959.570171690461,0.0,0.0,0.0,59940.0,0.7843001447612665,0.0,65021,2672980,c705db44ebb518219e88253e5064b79e8a0f46f5367687b69094d65bf90672c9,mpips,d55632b8d71f583a93b297764b8cac989e0691bbca0ab4151747717d78de36e2,,32.808311408007285,,,,,,
I-1-4,Kepala,M20,MPIPS precise,2.0,COMPARABLE,,uint16,"[3053, 4059]",1AGDbZmXqGBDeftQMX7jk5MBl0bCTckVm,416c91f4dd0349f12637ae9fd3843f99621fc3f96419f59c73a0681dc49715f9,1HeuhINTVSA7tyNBBi4rSZeOdDbAmR6ds,bfffcb4faa4d0b094c69ffbfbd5dc028fb834cf57c374871ef49847a77f1e892,4832df384f0539643af026fbfc5f29cd2d44e380143e1e67b4118b42bdf1555b,a67027fcad1725fa05d418281c2a3ae251035c2361f7284772b0ad95c92d15ad,d55632b8d71f583a93b297764b8cac989e0691bbca0ab4151747717d78de36e2,"candidate crop rows [26:3026]; integer pad columns left=18, right=19; no resize/interpolation/warp",0.990966796875,0.9675159560191094,0.21220492090351067,0.2820168353894421,793,0.7049180327868853,0.0,0.1432114116361129,0,65021,7927.421794014861,0.0,0.0,0.0,59408.0,0.7843001447612665,0.0,65021,2672980,aa098da5aa4cd3c1aa7961fe1f8fc74d3b981a983b7245a93786456f49470b92,mpips,d55632b8d71f583a93b297764b8cac989e0691bbca0ab4151747717d78de36e2,,34.894034919008845,,,,,,
I-1-4,Kepala,M30,MPIPS precise,3.0,COMPARABLE,,uint16,"[3053, 4059]",1AGDbZmXqGBDeftQMX7jk5MBl0bCTckVm,416c91f4dd0349f12637ae9fd3843f99621fc3f96419f59c73a0681dc49715f9,1HeuhINTVSA7tyNBBi4rSZeOdDbAmR6ds,bfffcb4faa4d0b094c69ffbfbd5dc028fb834cf57c374871ef49847a77f1e892,4832df384f0539643af026fbfc5f29cd2d44e380143e1e67b4118b42bdf1555b,a67027fcad1725fa05d418281c2a3ae251035c2361f7284772b0ad95c92d15ad,d55632b8d71f583a93b297764b8cac989e0691bbca0ab4151747717d78de36e2,"candidate crop rows [26:3026]; integer pad columns left=18, right=19; no resize/interpolation/warp",0.990966796875,0.9599637519377959,0.21192468602855472,0.3416155644416308,793,0.6759142496847415,0.0,0.1444199916371399,0,65109,7841.718190105702,0.0,0.0,0.0,58527.0,0.7843001447612665,0.0,65109,2672980,22f6747b317cf061cbcb7be12a6c83e1a2cdbf975306d0d31ce151f89ed031a6,mpips,d55632b8d71f583a93b297764b8cac989e0691bbca0ab4151747717d78de36e2,,33.08184430599795,,,,,,
I-1-4,Kepala,F103,pinned Fiji Flat,1.03,COMPARABLE,,uint16,"[3053, 4059]",1AGDbZmXqGBDeftQMX7jk5MBl0bCTckVm,416c91f4dd0349f12637ae9fd3843f99621fc3f96419f59c73a0681dc49715f9,1HeuhINTVSA7tyNBBi4rSZeOdDbAmR6ds,bfffcb4faa4d0b094c69ffbfbd5dc028fb834cf57c374871ef49847a77f1e892,4832df384f0539643af026fbfc5f29cd2d44e380143e1e67b4118b42bdf1555b,a67027fcad1725fa05d418281c2a3ae251035c2361f7284772b0ad95c92d15ad,d55632b8d71f583a93b297764b8cac989e0691bbca0ab4151747717d78de36e2,"candidate crop rows [26:3026]; integer pad columns left=18, right=19; no resize/interpolation/warp",0.990966796875,0.9744942335232198,0.2095211431075671,0.14788121674256607,793,0.8209331651954602,0.0,0.14295575753574388,0,65041,7980.828665006419,0.0,0.0,0.0,62030.0,0.7843001447612665,0.0,65041,2672980,504cd793cee340dc81596bca41c7ec170263a9ac02d5d5e45d876cd460c918f0,fiji,d55632b8d71f583a93b297764b8cac989e0691bbca0ab4151747717d78de36e2,,48.42261516698636,2.732081929978449,37.858504033996724,530560,mm:ss or m:ss): 0:37.14,d55632b8d71f583a93b297764b8cac989e0691bbca0ab4151747717d78de36e2,e1699564d66d9e5732aa742f0eac97d59e2756f3d08fbde5ab7461fe55e8e30e
I-1-4,Kepala,F15,pinned Fiji Flat,1.5,COMPARABLE,,uint16,"[3053, 4059]",1AGDbZmXqGBDeftQMX7jk5MBl0bCTckVm,416c91f4dd0349f12637ae9fd3843f99621fc3f96419f59c73a0681dc49715f9,1HeuhINTVSA7tyNBBi4rSZeOdDbAmR6ds,bfffcb4faa4d0b094c69ffbfbd5dc028fb834cf57c374871ef49847a77f1e892,4832df384f0539643af026fbfc5f29cd2d44e380143e1e67b4118b42bdf1555b,a67027fcad1725fa05d418281c2a3ae251035c2361f7284772b0ad95c92d15ad,d55632b8d71f583a93b297764b8cac989e0691bbca0ab4151747717d78de36e2,"candidate crop rows [26:3026]; integer pad columns left=18, right=19; no resize/interpolation/warp",0.990966796875,0.9749752159324493,0.211447790519077,0.2043031175372797,793,0.7654476670870114,0.0,0.14134297262997278,0,65041,8056.424939399023,0.0,0.0,0.0,60981.0,0.7843001447612665,0.0,65041,2672980,376df777c6f6d10feb00b629adf288095d75795807792da6f57369f2ed2a27bd,fiji,d55632b8d71f583a93b297764b8cac989e0691bbca0ab4151747717d78de36e2,,52.592858724005055,3.6452256560151,38.833545397006674,508296,mm:ss or m:ss): 0:38.19,d55632b8d71f583a93b297764b8cac989e0691bbca0ab4151747717d78de36e2,cc166899a02b430b7910b27c9092e2b5cacedef6f4eed277727f85a5ee9c5328
I-1-4,Kepala,F20,pinned Fiji Flat,2.0,COMPARABLE,,uint16,"[3053, 4059]",1AGDbZmXqGBDeftQMX7jk5MBl0bCTckVm,416c91f4dd0349f12637ae9fd3843f99621fc3f96419f59c73a0681dc49715f9,1HeuhINTVSA7tyNBBi4rSZeOdDbAmR6ds,bfffcb4faa4d0b094c69ffbfbd5dc028fb834cf57c374871ef49847a77f1e892,4832df384f0539643af026fbfc5f29cd2d44e380143e1e67b4118b42bdf1555b,a67027fcad1725fa05d418281c2a3ae251035c2361f7284772b0ad95c92d15ad,d55632b8d71f583a93b297764b8cac989e0691bbca0ab4151747717d78de36e2,"candidate crop rows [26:3026]; integer pad columns left=18, right=19; no resize/interpolation/warp",0.990966796875,0.9713239584641191,0.21104062726646158,0.26122335516969664,793,0.7175283732660782,0.0,0.14173690735564898,0,65041,8041.166794368715,0.0,0.0,0.0,60092.0,0.7843001447612665,0.0,65041,2672980,249a007cd44d56ae853443c16920ff2ba1135f0f3b6d7935dc1bbaccc70bb266,fiji,d55632b8d71f583a93b297764b8cac989e0691bbca0ab4151747717d78de36e2,,51.264476481999736,4.026763337984448,36.47266604201286,530992,mm:ss or m:ss): 0:35.75,d55632b8d71f583a93b297764b8cac989e0691bbca0ab4151747717d78de36e2,bf60a342204fb7c76fc38087e617a7a73cd49eec7b408c6f023fa6315f3a5ab4
I-1-4,Kepala,F30,pinned Fiji Flat,3.0,COMPARABLE,,uint16,"[3053, 4059]",1AGDbZmXqGBDeftQMX7jk5MBl0bCTckVm,416c91f4dd0349f12637ae9fd3843f99621fc3f96419f59c73a0681dc49715f9,1HeuhINTVSA7tyNBBi4rSZeOdDbAmR6ds,bfffcb4faa4d0b094c69ffbfbd5dc028fb834cf57c374871ef49847a77f1e892,4832df384f0539643af026fbfc5f29cd2d44e380143e1e67b4118b42bdf1555b,a67027fcad1725fa05d418281c2a3ae251035c2361f7284772b0ad95c92d15ad,d55632b8d71f583a93b297764b8cac989e0691bbca0ab4151747717d78de36e2,"candidate crop rows [26:3026]; integer pad columns left=18, right=19; no resize/interpolation/warp",0.990966796875,0.9607402241597591,0.21143969426453493,0.36176134276612276,793,0.6683480453972257,0.0,0.14326459649200027,0,65041,7956.172748068188,0.0,0.0,0.0,58592.0,0.7843001447612665,0.0,65041,2672980,d35f2f0f93eceaa9161798766fe4d86065c135afb0501f7616584a9852752350,fiji,d55632b8d71f583a93b297764b8cac989e0691bbca0ab4151747717d78de36e2,,44.66044719298952,3.2458233539946377,32.23879815300461,511084,mm:ss or m:ss): 0:31.58,d55632b8d71f583a93b297764b8cac989e0691bbca0ab4151747717d78de36e2,af712c05e94f7e8aa1227cb04352005dece898e8c167aa3840ee923ba0f8b799
